,0,1
0,0.0,0.0
1,0.0,0.0
2,0.0,1.5285480118196657
3,0.0,1.5285480118196657
4,2.03746491861525,1.5285480118196657
5,2.03746491861525,1.5285480118196657
6,1.9798217422241133,0.003254641714142709
7,1.9798217422241133,0.5317212304653481
8,1.9798217422241133,0.5317212304653481
9,2.020983898198521,0.5317212304653481
10,2.020983898198521,0.5317212304653481
11,2.020983898198521,1.6254835588371057
12,2.020983898198521,1.6254835588371057
13,2.020983898198521,2.506462276604596e-05
14,0.23711380495896886,2.506462276604596e-05
15,0.23711380495896886,2.506462276604596e-05
16,0.23711380495896886,2.506462276604596e-05
17,0.23711380495896886,0.5986898681236562
18,0.0732520336426924,0.0829868135579733
19,0.0732520336426924,0.0829868135579733
20,0.0732520336426924,0.0829868135579733
21,0.0732520336426924,0.0829868135579733
22,0.0732520336426924,0.0829868135579733
23,0.0732520336426924,0.0829868135579733
24,0.0732520336426924,0.2552717157576621
25,0.0732520336426924,0.2552717157576621
26,1.2310682336492804,0.2552717157576621
27,1.2310682336492804,0.2552717157576621
28,1.1948819442860794,0.2552717157576621
29,1.1948819442860794,0.2552717157576621
30,1.1948819442860794,0.2552717157576621
31,1.1948819442860794,0.2552717157576621
32,1.1948819442860794,0.2552717157576621
33,1.1948819442860794,0.2552717157576621
34,1.1948819442860794,0.2552717157576621
35,1.1948819442860794,0.48713290318385416
36,1.1948819442860794,4.2322138788502155
37,1.1948819442860794,0.4047890304120434
38,1.1948819442860794,0.4047890304120434
39,2.6477084377538116,0.3679562846703383
40,2.6477084377538116,0.14520455019699016
41,2.6477084377538116,0.14520455019699016
42,0.0671984721894145,0.021007128545654754
43,0.8869159716467495,0.021007128545654754
44,0.8869159716467495,1.0722355721721524
45,0.8869159716467495,0.31451577246015555
46,0.8869159716467495,1.6362571424506244e-05
47,0.8869159716467495,1.6362571424506244e-05
48,0.05969178542187137,0.4604967512843144
49,0.05969178542187137,1.0505505951161247
50,0.05969178542187137,1.0505505951161247
51,0.05969178542187137,0.8886820663525246
52,0.9229013796813218,0.8886820663525246
53,0.9229013796813218,3.1308642115022204e-05
54,0.9229013796813218,3.1308642115022204e-05
55,0.9229013796813218,2.756499484149138
56,1.4672265702405154,4.450874764836014
57,1.4672265702405154,1.1462701436931473
58,0.3278769699914503,1.1462701436931473
59,1.0437166632725192,5.1816890033509695e-05
60,1.0437166632725192,0.03363914735962497
61,1.0437166632725192,0.013150591750132824
62,1.0437166632725192,0.12255429885496315
63,1.0437166632725192,0.0037489337316418776
64,0.13031631680188704,0.0037489337316418776
65,0.13031631680188704,0.06761354148794463
66,0.13031631680188704,1.176388834006471
67,0.13031631680188704,0.019136584048616366
68,0.13031631680188704,0.019136584048616366
69,0.13031631680188704,0.019136584048616366
70,0.13031631680188704,3.4252752549047245
71,0.0776078537205013,3.4252752549047245
72,0.0776078537205013,3.4252752549047245
73,0.0776078537205013,3.4252752549047245
74,0.0776078537205013,3.4252752549047245
75,0.2671010187562652,3.4252752549047245
76,0.7637281994662356,0.24764860035929942
77,0.7637281994662356,0.24764860035929942
78,0.34998756757499105,0.9434671194776282
79,1.05710673713019,0.9434671194776282
80,1.05710673713019,0.03946540552244451
81,0.1894715018748478,2.4995101265050335
82,0.1894715018748478,0.084273888103974
83,0.1894715018748478,0.084273888103974
84,0.1894715018748478,0.084273888103974
85,0.2591200991446002,0.0006677155733178762
86,0.2591200991446002,0.0049885868997433455
87,0.2591200991446002,0.38529055305357435
88,0.2591200991446002,0.039461884960298364
89,0.2591200991446002,0.039461884960298364
90,0.2591200991446002,0.039461884960298364
91,0.2591200991446002,0.039461884960298364
92,0.2591200991446002,0.039461884960298364
93,0.2591200991446002,0.039461884960298364
94,0.2591200991446002,0.0348138546297611
95,0.2591200991446002,0.1209452908604123
96,1.0399032739103893,0.0021328537362901596
97,1.0399032739103893,0.7061797746652094
98,0.5557594525110175,5.615546984042522e-05
99,0.5557594525110175,4.157571659698945
100,0.5557594525110175,4.157571659698945
101,0.35346331043374296,0.9586554868471482
102,0.35346331043374296,0.9586554868471482
103,0.35346331043374296,0.9586554868471482
104,0.35346331043374296,0.9586554868471482
105,0.38416922821886923,0.006684464989742835
106,0.38416922821886923,9.09073625116238
107,0.3782470945993326,9.09073625116238
108,0.3782470945993326,9.09073625116238
109,0.3782470945993326,0.0036654933615481587
110,0.3782470945993326,0.0036654933615481587
111,0.3782470945993326,0.0036654933615481587
112,0.3782470945993326,0.0031842232091549454
113,0.3782470945993326,0.0031842232091549454
114,0.15223072404623203,0.0031842232091549454
115,0.15223072404623203,0.051979743629953355
116,0.15223072404623203,1.3997608965993737
117,0.5807800437324155,4.9366697222122795
118,0.5807800437324155,4.9366697222122795
119,0.32939003064391636,4.9366697222122795
120,0.32939003064391636,2.4737794275348746
121,1.0713617436992429,2.4737794275348746
122,1.0713617436992429,0.16782340666334125
123,1.0713617436992429,0.01929427195547646
124,0.600415785945869,0.02524161067316648
125,0.600415785945869,0.012423604234216682
126,0.20163555448984438,0.1757807101630483
127,0.39075282733684,0.1757807101630483
128,0.39075282733684,0.09167172417699783
129,0.5436921501614527,0.09167172417699783
130,0.5436921501614527,0.09167172417699783
131,0.5436921501614527,0.09167172417699783
132,0.5436921501614527,1.6266893141963317
133,0.2913842046082994,1.6266893141963317
134,0.27280611941212757,0.03298669915839295
135,0.27280611941212757,0.03298669915839295
136,0.22485145866346928,0.03298669915839295
137,0.22485145866346928,0.10582519407775605
138,0.22485145866346928,0.015756212741504582
139,0.22485145866346928,0.2613164473965356
140,0.22485145866346928,0.020610932762339742
141,0.22485145866346928,2.14119348935297
142,0.22485145866346928,2.14119348935297
143,0.22485145866346928,1.5980997432313082
144,0.22485145866346928,1.5980997432313082
145,0.22485145866346928,1.5980997432313082
146,0.2516501770583046,1.5980997432313082
147,0.2516501770583046,0.550085848829386
148,1.1302562923999013,0.5236764206499415
149,1.1302562923999013,0.5236764206499415
150,1.1302562923999013,0.6306091076331284
151,1.1302562923999013,0.6306091076331284
152,1.1302562923999013,0.519659577209011
153,1.1302562923999013,0.519659577209011
154,1.178698293428735,0.519659577209011
155,1.178698293428735,0.2455108731773048
156,1.178698293428735,0.2455108731773048
157,1.178698293428735,1.0350938829683742
158,1.178698293428735,1.0350938829683742
159,0.9187143457332146,1.0350938829683742
160,0.9187143457332146,1.0350938829683742
161,0.9187143457332146,0.006190254703512793
162,0.9187143457332146,0.006190254703512793
163,0.06188843049189476,0.006190254703512793
164,0.06188843049189476,8.37674763552709
165,0.06188843049189476,8.37674763552709
166,0.06188843049189476,8.37674763552709
167,0.06188843049189476,8.37674763552709
168,0.06188843049189476,8.37674763552709
169,0.06188843049189476,8.37674763552709
170,0.047851298941197676,8.37674763552709
171,0.047851298941197676,8.37674763552709
172,0.047851298941197676,0.21020832767848202
173,1.1477440575128581,0.21020832767848202
174,0.950881060557142,0.21020832767848202
175,0.950881060557142,2.0762183594198243e-05
176,0.950881060557142,2.0762183594198243e-05
177,0.950881060557142,2.0762183594198243e-05
178,0.950881060557142,2.0762183594198243e-05
179,0.950881060557142,9.49616681379527e-05
180,0.950881060557142,0.0903625883921203
181,0.950881060557142,0.0903625883921203
182,0.950881060557142,0.2596122664356039
183,0.950881060557142,0.14186224369733003
184,0.950881060557142,0.30157609451888073
185,0.950881060557142,0.30157609451888073
186,0.950881060557142,0.04252995710994713
187,0.950881060557142,0.5773750809414399
188,0.950881060557142,11.05147631754496
189,0.950881060557142,0.44566068079538035
190,0.950881060557142,0.44566068079538035
191,0.950881060557142,0.44566068079538035
192,0.950881060557142,0.44566068079538035
193,0.950881060557142,2.8303216946550505
194,0.950881060557142,0.0446079220604576
195,0.950881060557142,1.3744761125406464
196,0.23732976291222307,1.3744761125406464
197,0.23732976291222307,1.3744761125406464
198,0.2719798229118919,9.83027481583303e-05
199,0.14045415873016798,9.83027481583303e-05
200,0.14045415873016798,9.83027481583303e-05
201,0.14045415873016798,0.02563643849122577
202,0.14045415873016798,0.02563643849122577
203,0.14045415873016798,0.02563643849122577
204,0.14045415873016798,0.00010717474980154629
205,0.3003080616029337,0.00010717474980154629
206,0.3003080616029337,0.00010717474980154629
207,0.3003080616029337,1.563568585872922
208,0.3003080616029337,1.563568585872922
209,0.3003080616029337,0.2020311909203316
210,0.3003080616029337,0.29188055565482274
211,0.017915047804904927,0.45427111665692754
212,0.1418274543353504,0.2493381355018682
213,1.1144549530060648,5.098685238523374
214,3.386234128122745,5.098685238523374
215,3.386234128122745,5.098685238523374
216,3.386234128122745,5.098685238523374
217,3.386234128122745,5.098685238523374
218,0.4775746545666397,5.098685238523374
219,0.4775746545666397,0.00013166600079006057
220,0.4775746545666397,0.00013166600079006057
221,0.24071161152612539,0.8734763719628013
222,0.24071161152612539,0.21435630331449115
223,0.33708157110782677,0.21435630331449115
224,0.30622222282619743,1.318358895699068
225,0.30622222282619743,1.318358895699068
226,0.2982828847997773,1.318358895699068
227,0.9180721481962797,1.318358895699068
228,1.1659736046757998,4.427739828927798
229,1.277804348002379,4.427739828927798
230,4.499900674372693,2.233306131556254
231,4.499900674372693,2.233306131556254
232,4.499900674372693,2.233306131556254
233,4.499900674372693,2.233306131556254
234,4.499900674372693,2.233306131556254
235,2.603948312143474,3.345938137654214
236,1.3939541021149002,0.00010342181430178698
237,1.3939541021149002,0.00010342181430178698
238,0.88431481523441,0.00010342181430178698
239,0.88431481523441,4.353789358962461
240,0.5021391516616873,4.353789358962461
241,0.5021391516616873,0.24573765991127913
242,0.5021391516616873,0.24573765991127913
243,0.5021391516616873,0.24573765991127913
244,0.5021391516616873,0.15572279110411114
245,0.5021391516616873,7.534349246608212
246,0.5021391516616873,0.5112736842968718
247,0.5021391516616873,0.49395854798771466
248,0.5021391516616873,0.49395854798771466
249,0.5021391516616873,0.49395854798771466
250,0.5021391516616873,0.49395854798771466
251,0.5021391516616873,0.49395854798771466
252,0.5021391516616873,1.9766657596279085
253,0.5021391516616873,1.9766657596279085
254,0.5021391516616873,1.9766657596279085
255,0.5021391516616873,0.34971096881746355
256,0.5021391516616873,0.015260917229162306
257,0.5021391516616873,0.5191862747582469
258,0.5021391516616873,0.5191862747582469
259,0.5021391516616873,0.5191862747582469
260,0.5021391516616873,0.5191862747582469
261,0.03767250531512475,5.307471005439559
262,0.03767250531512475,5.307471005439559
263,0.030464980600935335,5.307471005439559
264,0.5265958368584265,0.8982761121721056
265,0.5265958368584265,0.01563433763223612
266,0.5265958368584265,2.602781441479536
267,0.5265958368584265,2.602781441479536
268,0.5265958368584265,0.0004883848684628437
269,0.5265958368584265,0.10396399404205152
270,0.5265958368584265,0.10396399404205152
271,1.2779333687369416,0.006088111808821434
272,1.2779333687369416,0.006088111808821434
273,1.2779333687369416,1.6818671424403553
274,1.2779333687369416,1.6818671424403553
275,1.2779333687369416,1.6818671424403553
276,1.2779333687369416,1.6818671424403553
277,1.2779333687369416,1.6818671424403553
278,1.2779333687369416,0.0043929342786172875
279,1.2779333687369416,8.635564515152252e-05
280,1.718645407759531,8.635564515152252e-05
281,0.2814142497434493,8.635564515152252e-05
282,0.04216162813875097,8.635564515152252e-05
283,0.04216162813875097,0.18164000851287238
284,0.04216162813875097,0.06498516940286847
285,0.04216162813875097,4.9135051174385
286,0.7837476568837067,1.9360569095881992
287,0.7837476568837067,0.007336619944932988
288,0.7837476568837067,0.007336619944932988
289,2.163914745588176,0.007336619944932988
290,2.163914745588176,4.886285901783168
291,2.163914745588176,4.886285901783168
292,2.163914745588176,4.886285901783168
293,2.163914745588176,4.886285901783168
294,2.163914745588176,2.9245676573252767e-05
295,0.6958233869563186,3.9893622062329444
296,0.6958233869563186,0.9164259064091093
297,0.6958233869563186,1.0208342489613864
298,1.8058838015630307,1.0208342489613864
299,1.8058838015630307,1.0208342489613864
300,1.8058838015630307,1.0208342489613864
301,0.6381480892710446,1.0208342489613864
302,0.6381480892710446,0.061960206537835724
303,0.6381480892710446,0.3539718300967363
304,0.6381480892710446,0.3539718300967363
305,0.47044353110754733,0.3539718300967363
306,0.47044353110754733,0.3539718300967363
307,0.24473135142695354,0.3539718300967363
308,0.24473135142695354,0.017990801007832454
309,0.24473135142695354,0.017990801007832454
310,0.24473135142695354,0.017990801007832454
311,0.11391292443956641,0.017990801007832454
312,0.12074646842397638,0.017990801007832454
313,0.12074646842397638,0.017990801007832454
314,0.12074646842397638,0.017990801007832454
315,0.12074646842397638,0.14183049055104052
316,0.09973077802973525,0.14183049055104052
317,0.09973077802973525,0.14183049055104052
318,0.046333151621635205,0.022812145739229912
319,1.454739992791934,0.022812145739229912
320,1.454739992791934,0.022812145739229912
321,0.3801822023448535,0.022812145739229912
322,0.3801822023448535,0.022812145739229912
323,0.32722988361448707,2.1931585034898373
324,0.32722988361448707,2.1931585034898373
325,0.32722988361448707,2.1931585034898373
326,0.32722988361448707,2.1931585034898373
327,0.32722988361448707,2.1931585034898373
328,0.32722988361448707,1.6491083942822047
329,0.7923384191452012,1.6491083942822047
330,0.7923384191452012,3.526299695333468e-05
331,0.7923384191452012,3.526299695333468e-05
332,0.7923384191452012,3.526299695333468e-05
333,0.7923384191452012,3.526299695333468e-05
334,0.7923384191452012,0.0021424199634846076
335,0.7923384191452012,0.0021424199634846076
336,0.7923384191452012,0.0021424199634846076
337,0.15870123344760748,0.002133927839225747
338,1.6256715608912256,0.002133927839225747
339,1.6256715608912256,0.2706282610095343
340,1.0948779995258047,0.2706282610095343
341,1.0948779995258047,0.2706282610095343
342,1.0948779995258047,0.005222324590163392
343,1.0948779995258047,0.0002722411473534554
344,1.0948779995258047,0.0002722411473534554
345,0.27901881017008956,0.04552962492586393
346,0.27901881017008956,0.04552962492586393
347,0.26782503229487825,0.04552962492586393
348,0.26782503229487825,0.04552962492586393
349,0.26782503229487825,0.04552962492586393
350,0.26782503229487825,0.04552962492586393
351,0.450016618024192,0.04552962492586393
352,0.450016618024192,5.662045743702859e-07
353,0.450016618024192,5.662045743702859e-07
354,0.2583312455989535,5.662045743702859e-07
355,0.2583312455989535,5.662045743702859e-07
356,0.06418533804436945,0.010196439159709757
357,0.06418533804436945,0.2516368838076341
358,0.057721106866528725,0.2516368838076341
359,0.057721106866528725,0.0013962453620764502
360,1.9083716650009468,0.0013962453620764502
361,0.8549575740341896,0.0013962453620764502
362,0.8549575740341896,0.0013962453620764502
363,0.8549575740341896,2.2661965766788694
364,0.8549575740341896,2.2661965766788694
365,0.8549575740341896,2.2661965766788694
366,0.8549575740341896,2.2661965766788694
367,2.6122129030611543,2.2661965766788694
368,2.6122129030611543,2.2661965766788694
369,2.6122129030611543,0.0013148159105046016
370,1.5430695180703105,0.4943747524198228
371,0.9473661854589819,0.4943747524198228
372,0.9473661854589819,0.4943747524198228
373,1.5683054195761377,0.4189576139546208
374,1.5683054195761377,0.011620903010642674
375,1.5683054195761377,1.7810179169215898
376,1.5683054195761377,5.024042737611982
377,1.5683054195761377,0.1194403038749343
378,1.5683054195761377,0.1194403038749343
379,1.5683054195761377,1.786155594979003
380,0.6160429521753295,0.012550238980471516
381,0.6160429521753295,0.012550238980471516
382,0.6160429521753295,0.012550238980471516
383,0.6160429521753295,0.012550238980471516
384,0.6160429521753295,0.012550238980471516
385,0.6160429521753295,0.012550238980471516
386,0.7476111538043424,0.013535111466822855
387,0.32221939504656555,5.083259514333543
388,0.32221939504656555,20.782060750664414
389,0.32221939504656555,20.782060750664414
390,0.18563909469957202,20.782060750664414
391,0.18563909469957202,20.782060750664414
392,0.18563909469957202,0.2783379854972954
393,0.18563909469957202,0.43276421412696003
394,1.8177265965450395,0.012385784744355546
395,1.8177265965450395,0.009900990369402285
396,1.8177265965450395,0.009900990369402285
397,1.8177265965450395,0.009900990369402285
398,1.8177265965450395,0.009900990369402285
399,1.8177265965450395,0.009900990369402285
400,1.8177265965450395,0.009900990369402285
401,1.8177265965450395,0.887328057241718
402,1.8177265965450395,0.887328057241718
403,1.8177265965450395,0.8442073304135175
404,1.8177265965450395,0.8442073304135175
405,1.8177265965450395,0.8442073304135175
406,1.7667201114355622,4.047783815170191e-05
407,1.7667201114355622,4.047783815170191e-05
408,0.1592364364495619,4.047783815170191e-05
409,0.14935607870366732,1.1152613953987325
410,0.14935607870366732,1.1152613953987325
411,0.8199147289608129,1.3530100874412916
412,0.35071108137327983,0.174732021014762
413,0.5800702841652216,1.1653047848752802
414,0.5800702841652216,1.1653047848752802
415,1.8303211024785877,1.1653047848752802
416,1.8303211024785877,0.1648305865296234
417,1.8303211024785877,0.5512506113680224
418,1.8303211024785877,0.3065329634915442
419,1.3065425729103943,0.3065329634915442
420,1.3065425729103943,1.7272554622020304
421,1.3065425729103943,0.3028203367605339
422,0.9925821952438076,0.3028203367605339
423,0.9925821952438076,0.3028203367605339
424,0.9925821952438076,0.20772503221566233
425,0.9925821952438076,0.10405716761448819
426,0.9925821952438076,0.10405716761448819
427,0.9925821952438076,0.10405716761448819
428,0.14487282242256447,0.0013068605511925525
429,1.0079838446550557,0.0013068605511925525
430,1.0079838446550557,0.0013068605511925525
431,1.0079838446550557,0.00016202179052785955
432,0.3851511284744769,0.05856011751517484
433,0.3851511284744769,2.245575441446601
434,0.10488440414727668,2.245575441446601
435,0.10488440414727668,2.245575441446601
436,0.3384963712347387,2.245575441446601
437,0.3384963712347387,2.245575441446601
438,0.3384963712347387,2.245575441446601
439,0.3384963712347387,2.245575441446601
440,0.3384963712347387,2.245575441446601
441,0.3384963712347387,2.245575441446601
442,0.3384963712347387,2.245575441446601
443,0.3384963712347387,2.245575441446601
444,0.33371968401186064,0.26969448697981874
445,0.33371968401186064,0.26969448697981874
446,0.33371968401186064,0.26969448697981874
447,0.33371968401186064,0.26969448697981874
448,0.33371968401186064,0.26969448697981874
449,0.33371968401186064,0.00681712267172819
450,0.33371968401186064,0.21940780370270638
451,0.33371968401186064,0.30868897306080534
452,0.33371968401186064,0.30868897306080534
453,0.7754958899330221,0.30868897306080534
454,0.8234550182086584,0.30868897306080534
455,0.8234550182086584,0.30868897306080534
456,0.8234550182086584,0.19032276693220312
457,0.8234550182086584,0.01996877528586493
458,0.8234550182086584,0.01996877528586493
459,0.24940687229237,0.8657598464262423
460,0.24940687229237,1.391490778054208
461,0.03884865849670449,1.391490778054208
462,2.31297495507673,1.391490778054208
463,2.31297495507673,10.366224952828922
464,2.31297495507673,0.006492919163940974
465,0.6845755589269417,11.62455219321
466,1.2610786354157826,0.011103883186291321
467,0.2989787170431166,2.40488054683368
468,0.2989787170431166,2.40488054683368
469,0.2989787170431166,2.40488054683368
470,0.2989787170431166,7.745882817949211
471,0.2989787170431166,0.7367772026634707
472,0.2989787170431166,0.7367772026634707
473,0.2989787170431166,0.7367772026634707
474,1.4206786977101924,0.7367772026634707
475,1.4206786977101924,0.7367772026634707
476,1.3909079742509365,0.7367772026634707
477,1.3909079742509365,0.7367772026634707
478,1.3909079742509365,0.7367772026634707
479,1.3909079742509365,0.015928794580251343
480,1.3909079742509365,0.006401069940645753
481,0.07892557572984567,0.006401069940645753
482,0.07892557572984567,0.006401069940645753
483,0.07892557572984567,0.14035080125062963
484,0.07892557572984567,0.14035080125062963
485,0.07892557572984567,0.09331984844140162
486,0.07892557572984567,0.47168305401533767
487,0.07892557572984567,0.935581143606958
488,0.07892557572984567,0.935581143606958
489,0.07892557572984567,0.03901420537971515
490,0.07892557572984567,0.010548142614262719
491,0.07892557572984567,0.010548142614262719
492,0.07892557572984567,0.20617760568975937
493,0.07892557572984567,0.20617760568975937
494,4.603042094930564,0.2279013971990487
495,0.5708442187420698,0.011135636302059493
496,0.4112637557177084,0.011135636302059493
497,0.4112637557177084,1.009557453374882
498,0.4112637557177084,0.19224786929128865
499,0.4112637557177084,1.4783903902043225
500,0.4112637557177084,1.4783903902043225
501,0.4112637557177084,0.004592418958935049
502,0.4112637557177084,1.074322826761289
503,0.4112637557177084,0.4576928166737367
504,0.4112637557177084,0.4576928166737367
505,0.4112637557177084,0.4576928166737367
506,0.20652453530609605,0.4576928166737367
507,0.8337469037230393,0.4576928166737367
508,0.8337469037230393,0.04104271274952494
509,0.8337469037230393,2.388417134980325
510,0.24257880393783599,2.6971949537228223e-05
511,0.24257880393783599,2.6971949537228223e-05
512,0.24257880393783599,0.06271751586263859
513,0.24257880393783599,0.4944058869962079
514,0.24257880393783599,0.4944058869962079
515,0.24257880393783599,0.4944058869962079
516,0.24257880393783599,0.7534226381578384
517,0.24257880393783599,0.0003468182070608101
518,0.24257880393783599,0.0003468182070608101
519,0.24257880393783599,0.0003468182070608101
520,0.24257880393783599,0.08112330376081557
521,0.24257880393783599,0.08112330376081557
522,1.3677499469853343,0.08112330376081557
523,0.3924369085443279,0.6954763656473651
524,0.6602518539089898,0.6954763656473651
525,0.6602518539089898,0.8885671512398878
526,0.6602518539089898,0.8885671512398878
527,0.6602518539089898,2.0247637378103627
528,0.6602518539089898,0.773724198023265
529,0.44751743509809744,0.1365980491396223
530,0.44751743509809744,0.1365980491396223
531,0.6385678399920572,3.9240308488396884
532,0.6385678399920572,3.9240308488396884
533,0.6385678399920572,0.03850612268563222
534,0.6385678399920572,0.5429684744678837
535,0.6385678399920572,0.5429684744678837
536,0.6385678399920572,0.5429684744678837
537,0.6385678399920572,0.06575603821935153
538,0.6385678399920572,0.02006189517355631
539,0.40025503220754627,0.7319118327120328
540,0.40025503220754627,2.149117488019321
541,0.40025503220754627,2.149117488019321
542,0.519486386501612,0.7856816876727435
543,0.024340263954754412,0.7856816876727435
544,0.024340263954754412,0.7856816876727435
545,0.024340263954754412,0.22512806339491886
546,0.024340263954754412,0.013958647509081473
547,0.024340263954754412,0.6699801603717555
548,1.3453465936440563,0.6699801603717555
549,1.3453465936440563,1.1040279875905972
550,2.126820668083247,1.1040279875905972
551,0.4923385870602542,1.1040279875905972
552,0.4923385870602542,0.08778105851012127
553,2.884821437875825,10.513436642201897
554,2.884821437875825,0.4350162529938328
555,2.884821437875825,0.4350162529938328
556,2.884821437875825,1.772356374031962e-06
557,2.884821437875825,1.772356374031962e-06
558,2.884821437875825,0.048209300011656776
559,0.1424461831591138,0.007233496072435369
560,0.1424461831591138,0.19624412641404643
561,0.1424461831591138,0.19624412641404643
562,0.22177866782634853,0.00031076583932082585
563,0.22177866782634853,0.571014482461866
564,0.22177866782634853,3.1919252024019666
565,0.22177866782634853,3.1919252024019666
566,0.3087749443422332,2.994409649564761
567,0.3087749443422332,2.994409649564761
568,0.3087749443422332,4.625842260804036
569,0.5666595424933855,4.625842260804036
570,0.5666595424933855,4.625842260804036
571,0.5666595424933855,4.625842260804036
572,0.5666595424933855,4.625842260804036
573,0.5666595424933855,4.625842260804036
574,0.5666595424933855,0.016223286374719256
575,0.5666595424933855,0.016223286374719256
576,0.2904703284088205,1.2100845195649272
577,0.10756350248329566,0.21316689810021838
578,0.10756350248329566,0.21316689810021838
579,0.10756350248329566,0.21316689810021838
580,0.10756350248329566,0.21316689810021838
581,0.10756350248329566,0.21316689810021838
582,0.16185166108584512,0.21316689810021838
583,0.16185166108584512,0.2713572552959205
584,0.16185166108584512,0.2713572552959205
585,0.16185166108584512,0.2713572552959205
586,0.16185166108584512,0.0004050982294608472
587,0.16185166108584512,0.0004050982294608472
588,0.16185166108584512,0.0004050982294608472
589,1.1377361469926273,1.9408907913746823e-05
590,1.1377361469926273,1.9408907913746823e-05
591,1.1377361469926273,0.6839948191010545
592,1.1377361469926273,1.537337018764979
593,1.1377361469926273,1.537337018764979
594,1.1377361469926273,0.1370255320802815
595,1.1377361469926273,3.1194903336769704
596,1.1377361469926273,1.6198422494488192
597,1.1377361469926273,0.021082003129998535
598,1.1377361469926273,0.021082003129998535
599,1.1377361469926273,0.15144836530617242
600,1.1377361469926273,0.15144836530617242
601,1.1377361469926273,0.15144836530617242
602,1.1377361469926273,0.105769363238275
603,0.8325245097464595,0.105769363238275
604,0.7845762863201117,0.105769363238275
605,0.37572736710865384,0.0016366592997571088
606,0.37572736710865384,0.0016366592997571088
607,0.4320752793101951,0.1782562800079164
608,1.6099621878521726,1.4646023341628764
609,0.303661356238199,0.0036041647225934824
610,0.303661356238199,0.0010418160578303443
611,0.303661356238199,0.0010418160578303443
612,0.6483600459535559,0.0010418160578303443
613,0.6024321367938281,0.0010418160578303443
614,0.257897045213446,0.0010418160578303443
615,0.257897045213446,0.0010418160578303443
616,0.257897045213446,4.101116093907912
617,1.8080866055662217,4.101116093907912
618,1.8080866055662217,0.4533009798534843
619,1.8080866055662217,1.6749903633863141
620,0.4716805404774209,0.13578634390218147
621,0.4716805404774209,0.13578634390218147
622,0.4716805404774209,1.1932685836663834
623,1.1351061597119732,0.003203238186913007
624,1.1351061597119732,5.699072048189089
625,1.1351061597119732,2.1851599304098217
626,1.1351061597119732,2.1851599304098217
627,0.2565276082820216,0.8516274719610589
628,0.2565276082820216,0.003026981849343688
629,0.2660722358266608,0.17146177109431315
630,0.2660722358266608,0.17146177109431315
631,0.2660722358266608,0.17146177109431315
632,0.2660722358266608,2.124299805631001
633,0.2660722358266608,0.5777332128091635
634,0.9681422213465725,0.5777332128091635
635,0.9681422213465725,2.7167645486018723
636,0.9681422213465725,2.7167645486018723
637,0.9681422213465725,2.7167645486018723
638,1.2012317509732136,2.7167645486018723
639,1.2012317509732136,0.2645033827405007
640,1.2012317509732136,0.0005399447771796261
641,0.8058359702138441,1.3438912663117568
642,1.0062301805355844,1.3438912663117568
643,1.0062301805355844,0.9152253020706682
644,1.0062301805355844,0.9152253020706682
645,1.0062301805355844,0.3409382593229549
646,1.0062301805355844,0.3409382593229549
647,1.0062301805355844,0.7129871921762866
648,1.0062301805355844,0.28296811096948354
649,1.0062301805355844,5.981463368463732
650,0.8634342587892585,5.981463368463732
651,0.9253863991458668,8.899140364737963
652,1.9107479673684522,0.3164272631683243
653,1.9107479673684522,0.3164272631683243
654,1.9107479673684522,0.3172187374868212
655,2.3927703811385186,0.005532898474737269
656,2.3927703811385186,0.005532898474737269
657,2.3927703811385186,0.005532898474737269
658,2.3927703811385186,1.0219191699343715
659,2.3927703811385186,1.0219191699343715
660,2.0757965758930905,0.026429705986099682
661,2.0757965758930905,0.07835498058509231
662,2.0757965758930905,0.0037518535163458284
663,2.0757965758930905,7.507162893620352e-07
664,0.07690248940864021,7.507162893620352e-07
665,1.18960534330333,7.507162893620352e-07
666,1.18960534330333,0.004379340017671159
667,1.18960534330333,1.9852817545035588
668,1.3909326255976175,1.9852817545035588
669,2.06819202297635,1.9852817545035588
670,2.06819202297635,1.9852817545035588
671,2.06819202297635,1.9852817545035588
672,2.06819202297635,1.4936542388000624e-06
673,2.06819202297635,0.3732291775615974
674,2.06819202297635,0.3732291775615974
675,2.06819202297635,0.3732291775615974
676,0.8851469372676355,0.3732291775615974
677,0.8851469372676355,0.1651309939214582
678,0.8851469372676355,0.1651309939214582
679,0.8851469372676355,0.27620904401110674
680,0.8851469372676355,0.6465419958315513
681,0.8851469372676355,0.3435147443084009
682,0.8851469372676355,2.4344872507291036e-08
683,0.8851469372676355,1.073363749631679
684,0.8851469372676355,1.9265634823395488
685,0.8851469372676355,0.001065399884990736
686,0.8851469372676355,0.001065399884990736
687,0.8851469372676355,2.3913049698521816
688,0.11887256349432623,2.3913049698521816
689,0.11887256349432623,2.3913049698521816
690,0.11887256349432623,0.5124747485449939
691,0.11887256349432623,9.665875288852243
692,0.8891587989865065,9.665875288852243
693,0.4851226351163711,0.2969947670440661
694,0.4851226351163711,0.2969947670440661
695,0.4851226351163711,0.2969947670440661
696,0.4851226351163711,0.2969947670440661
697,0.47395160564493516,1.0360606605188358
698,0.23207636451408012,1.0360606605188358
699,0.23207636451408012,1.0360606605188358
700,2.9457962654196574,1.0360606605188358
701,2.9457962654196574,5.725034016849771e-05
702,0.3414637793363463,0.0003905238833795483
703,0.3414637793363463,0.0003905238833795483
704,0.3414637793363463,0.0003905238833795483
705,0.3414637793363463,0.0003905238833795483
706,0.3414637793363463,0.0015454091282266858
707,0.21872107872345203,0.0015454091282266858
708,0.21872107872345203,0.0015454091282266858
709,0.37636099644193977,1.959381655651656
710,0.37636099644193977,0.0026524802076218442
711,0.37636099644193977,0.0026524802076218442
712,1.7519952328982336,0.33231679386465585
713,1.7519952328982336,0.33231679386465585
714,1.7519952328982336,0.9017298905868342
715,0.9227425225192798,0.9017298905868342
716,0.9227425225192798,0.9017298905868342
717,0.1675466859288295,0.9017298905868342
718,0.1675466859288295,0.9017298905868342
719,0.1675466859288295,3.4682843430337775
720,0.1675466859288295,1.1274128607456506
721,0.006889341383927126,2.4938876738283002
722,0.37120636912541843,2.4938876738283002
723,0.37120636912541843,0.006967268424609088
724,0.37120636912541843,0.024372327707587335
725,0.12764995830383447,0.8607211058281219
726,1.7520865101680834,0.8607211058281219
727,1.7520865101680834,0.8607211058281219
728,1.7520865101680834,0.08363080450763428
729,1.7520865101680834,0.08363080450763428
730,1.7520865101680834,0.08363080450763428
731,1.7520865101680834,0.08693243452089026
732,1.7520865101680834,0.08693243452089026
733,0.09032897982778557,0.0013760064424208666
734,0.5798666018732148,0.0013760064424208666
735,0.862311413026972,0.03535497396807373
736,0.36734373171263013,5.027639348698508e-05
737,0.36734373171263013,5.027639348698508e-05
738,0.36734373171263013,1.2966232871168857
739,0.36734373171263013,4.300423272971146e-05
740,0.36734373171263013,0.29632113065460164
741,0.24616792914276267,0.5672273401273271
742,1.4709999150109263,0.21082038456257693
743,1.4709999150109263,0.21082038456257693
744,1.4709999150109263,0.21082038456257693
745,1.4709999150109263,0.21082038456257693
746,1.4709999150109263,0.068998618403671
747,1.4709999150109263,4.059552196005187
748,1.4709999150109263,4.059552196005187
749,0.6471774339086418,4.059552196005187
750,0.6471774339086418,2.5444648411589672e-05
751,1.4661186797057397,0.5784200682207756
752,1.3611064432207312,0.5784200682207756
753,0.28200761808834324,0.5784200682207756
754,0.21421442839433477,2.468344005849427
755,0.21421442839433477,2.468344005849427
756,0.21421442839433477,2.468344005849427
757,0.21421442839433477,1.5240793642988342
758,0.21421442839433477,0.0034933041114178867
759,0.21421442839433477,0.1265322383620938
760,0.21421442839433477,0.0010993688152789967
761,0.21421442839433477,0.0010993688152789967
762,0.21421442839433477,1.4240416220283902
763,0.169490876192689,1.4240416220283902
764,0.169490876192689,0.019465985462346583
765,0.169490876192689,0.019465985462346583
766,0.169490876192689,0.001405358188413951
767,0.169490876192689,0.001405358188413951
768,0.169490876192689,0.001405358188413951
769,0.169490876192689,0.16652999314376127
770,0.169490876192689,0.16652999314376127
771,0.169490876192689,0.16652999314376127
772,0.5505310255044633,0.16652999314376127
773,0.5505310255044633,0.04436888227678187
774,0.7339655190382119,0.04436888227678187
775,0.7339655190382119,0.04436888227678187
776,0.7339655190382119,0.11258267164343548
777,0.7339655190382119,5.37111343980588
778,0.7339655190382119,2.480568320094073
779,0.7339655190382119,2.480568320094073
780,0.7339655190382119,0.9891528592203113
781,1.087142690580747,0.9891528592203113
782,0.9780317262661431,1.0860730248182582
783,0.9780317262661431,0.01440376332967583
784,0.9780317262661431,0.01440376332967583
785,0.9780317262661431,0.01440376332967583
786,0.9780317262661431,2.174320607935675e-05
787,0.9780317262661431,0.25514786228338693
788,0.9780317262661431,0.10636971075721946
789,0.9780317262661431,0.10636971075721946
790,0.9780317262661431,0.10636971075721946
791,0.9780317262661431,0.10636971075721946
792,0.9780317262661431,0.10636971075721946
793,0.9780317262661431,0.10636971075721946
794,0.8858460056310266,0.10636971075721946
795,0.8858460056310266,0.10636971075721946
796,0.8858460056310266,0.10636971075721946
797,1.1853793557139911,0.10636971075721946
798,1.1853793557139911,0.4231221835664604
799,1.1853793557139911,3.632611417805028
800,1.1853793557139911,3.632611417805028
801,1.1853793557139911,1.6789050420827722
802,1.1853793557139911,1.6789050420827722
803,1.1853793557139911,1.6789050420827722
804,1.1853793557139911,0.09705014944389323
805,1.1853793557139911,0.09705014944389323
806,0.029183748682605797,0.0028793929311199677
807,1.2753727575307638,0.0028793929311199677
808,1.2753727575307638,0.0028793929311199677
809,1.2753727575307638,0.0028793929311199677
810,1.2753727575307638,0.024879109699544103
811,1.2753727575307638,0.024879109699544103
812,1.1020434547655569,0.024879109699544103
813,1.1020434547655569,0.024879109699544103
814,0.3717484263766703,0.024879109699544103
815,0.3717484263766703,0.024879109699544103
816,0.3717484263766703,0.02970912386349761
817,0.3717484263766703,0.02970912386349761
818,0.3717484263766703,0.02970912386349761
819,0.3717484263766703,6.171352074556249
820,0.3717484263766703,6.171352074556249
821,0.3717484263766703,0.007365280366361152
822,0.3717484263766703,0.007365280366361152
823,0.3717484263766703,0.007365280366361152
824,0.2031587768895215,0.007365280366361152
825,0.2031587768895215,0.007365280366361152
826,0.2031587768895215,0.007365280366361152
827,0.6022156064912906,0.007365280366361152
828,0.6022156064912906,0.007365280366361152
829,0.6022156064912906,0.007365280366361152
830,0.6022156064912906,0.0066354901823025645
831,0.6022156064912906,0.0066354901823025645
832,1.7166913102869787,0.3142753514602685
833,1.7166913102869787,1.034083452368007
834,1.7166913102869787,1.034083452368007
835,0.2762102233578638,1.034083452368007
836,1.214651896654235,0.21068009205340874
837,2.516150753097429,0.21068009205340874
838,0.33798700906313667,0.21068009205340874
839,0.33798700906313667,0.21068009205340874
840,3.646417085364275,0.9936346511847972
841,3.646417085364275,3.3679954665999632e-06
842,0.051183036208125844,3.3679954665999632e-06
843,0.050802388217338346,3.3679954665999632e-06
844,0.050802388217338346,3.3679954665999632e-06
845,0.050802388217338346,3.3679954665999632e-06
846,0.050802388217338346,3.3679954665999632e-06
847,1.573990444157608,0.0605160943057585
848,0.5469391147033115,0.07028443227725771
849,0.5469391147033115,0.2463447168311226
850,0.5469391147033115,0.2463447168311226
851,0.5469391147033115,0.0003854820489428629
852,0.5135983909706321,0.0005162288602069324
853,0.5135983909706321,3.702527926847364
854,1.660319738545843,1.8433458997475256
855,1.660319738545843,0.8838566446129668
856,1.660319738545843,0.8838566446129668
857,1.660319738545843,0.8838566446129668
858,1.660319738545843,0.8838566446129668
859,1.660319738545843,0.8838566446129668
860,1.660319738545843,0.8838566446129668
861,1.660319738545843,0.8838566446129668
862,1.660319738545843,0.8838566446129668
863,1.660319738545843,0.8838566446129668
864,1.660319738545843,0.08787219011856472
865,1.660319738545843,0.3840436465527899
866,1.660319738545843,0.3840436465527899
867,1.660319738545843,0.43881880266031087
868,1.660319738545843,0.43881880266031087
869,2.0974573785237625,0.20159025051172086
870,2.0974573785237625,0.0018806497438497677
871,0.6985410190923336,0.0018806497438497677
872,0.6985410190923336,0.0018806497438497677
873,0.6985410190923336,0.4239719485018729
874,0.4042379494487347,0.4239719485018729
875,0.3225438976429372,0.4239719485018729
876,0.4249686127093333,0.007416704045852313
877,0.4249686127093333,0.007416704045852313
878,0.4249686127093333,0.419752853529459
879,0.4249686127093333,0.39771341171060176
880,0.4249686127093333,0.9065035496425202
881,0.4249686127093333,0.9065035496425202
882,0.4249686127093333,1.2024032914100138
883,0.2061800988490638,0.6469889328633064
884,0.2061800988490638,0.6469889328633064
885,0.2061800988490638,0.0001035915395646964
886,0.2061800988490638,0.11811844804973212
887,1.1667502084688208,7.418627148175759e-05
888,1.1667502084688208,7.418627148175759e-05
889,1.1667502084688208,7.418627148175759e-05
890,1.1667502084688208,7.418627148175759e-05
891,1.1667502084688208,0.04386629025918201
892,1.1667502084688208,0.04386629025918201
893,1.1667502084688208,0.04386629025918201
894,1.1667502084688208,1.6260482258589986
895,1.1667502084688208,1.6260482258589986
896,1.1667502084688208,1.1846622312072188
897,1.1667502084688208,0.018820327542277495
898,1.1667502084688208,1.5695328769336212
899,1.1667502084688208,1.5695328769336212
900,1.1667502084688208,0.3129859434205034
901,1.1667502084688208,0.07635219819931463
902,1.8143081726242225,3.562652559988763
903,1.8143081726242225,0.12790156060956595
904,2.2626160719172557,0.5121656390269482
905,2.2626160719172557,0.5121656390269482
906,0.25594122659429486,3.4257409195678172
907,0.25594122659429486,0.09126615333098366
908,0.25594122659429486,0.20494197014652046
909,0.8693217658167951,0.20494197014652046
910,0.8693217658167951,1.0726447691492216
911,0.8693217658167951,1.0726447691492216
912,0.9585669347771472,1.0726447691492216
913,0.9585669347771472,0.09192966348509016
914,0.9585669347771472,0.09192966348509016
915,0.9585669347771472,0.09192966348509016
916,0.9585669347771472,0.09192966348509016
917,1.4507867964247951,0.0001350526598093863
918,1.4507867964247951,0.11326378485934727
919,1.4507867964247951,0.0009614043285276849
920,1.4507867964247951,1.2905753739166659
921,1.4507867964247951,0.048096970706693117
922,1.4507867964247951,0.048096970706693117
923,1.4507867964247951,0.048096970706693117
924,1.4507867964247951,0.14476789302576634
925,1.4507867964247951,1.2501559614794417
926,0.18704615587411208,0.5399448561869096
927,0.04995464818675294,0.145972909302262
928,0.30585940448328786,0.145972909302262
929,0.30585940448328786,3.4542409322491827
930,0.30585940448328786,0.3141553574991372
931,0.059881664646250964,1.9270670559072707
932,0.39924042298518136,0.23322550622154883
933,0.41345763404911035,0.23322550622154883
934,0.09609253574475872,4.488224332581434
935,0.09609253574475872,4.101008643426018
936,0.03676057859891767,0.4824034322696537
937,0.03676057859891767,0.3558315751205723
938,0.03676057859891767,0.3558315751205723
939,0.03453891382169971,2.9291054573633892
940,1.01421002259903,2.9291054573633892
941,0.1701021802793243,2.9291054573633892
942,0.1701021802793243,2.9291054573633892
943,0.1701021802793243,2.8889490995052904
944,0.4311584374436167,2.8889490995052904
945,0.4311584374436167,2.8889490995052904
946,0.4311584374436167,2.8889490995052904
947,0.07647772346140393,2.8889490995052904
948,0.0998660770870438,2.8889490995052904
949,0.0998660770870438,2.8889490995052904
950,0.009450199839906134,0.0085144135812998
951,1.3689551370450819,0.0085144135812998
952,1.3689551370450819,0.0085144135812998
953,0.30106333554091236,1.7287587173778574
954,0.5869767103965496,0.0006454584114781951
955,0.5869767103965496,0.8588192146232034
956,0.5869767103965496,0.8588192146232034
957,0.7363953302784615,1.1821674403451934
958,0.7363953302784615,1.1821674403451934
959,0.7363953302784615,1.1821674403451934
960,0.15238392365999381,0.2875364087309638
961,0.15238392365999381,0.2875364087309638
962,0.15238392365999381,0.2875364087309638
963,0.15238392365999381,0.0047972883611180185
964,0.15238392365999381,0.0047972883611180185
965,0.15238392365999381,0.0047972883611180185
966,0.15238392365999381,0.0047972883611180185
967,0.15238392365999381,0.0047972883611180185
968,0.15238392365999381,0.0047972883611180185
969,0.15238392365999381,0.08218934782103969
970,2.4857177704614832,1.5377738411216437
971,0.4632579325698259,1.5377738411216437
972,0.4632579325698259,1.4029404711267097
973,0.4632579325698259,1.4029404711267097
974,0.0638773130433573,1.4029404711267097
975,0.0638773130433573,0.2894042440811972
976,0.09156265364396124,0.2894042440811972
977,0.09156265364396124,4.416848153604664
978,0.4206214448852753,4.416848153604664
979,0.4206214448852753,0.25929900026827785
980,0.4206214448852753,0.0034061093554191195
981,0.4206214448852753,0.14589888528394881
982,0.4206214448852753,0.14589888528394881
983,0.4206214448852753,0.18346112381703944
984,0.4206214448852753,0.18346112381703944
985,0.4206214448852753,0.000292901285817369
986,0.10761961176808299,0.4375742361480101
987,0.10761961176808299,0.4375742361480101
988,0.10761961176808299,0.3958528231164173
989,0.10761961176808299,0.739172646622396
990,0.27654791870922774,0.0008065031014578315
991,0.6299447221779503,0.0008065031014578315
992,0.0351670389053452,0.4861103715459311
993,0.0351670389053452,0.4861103715459311
994,0.0351670389053452,0.0004798332335334862
995,0.0351670389053452,0.0004798332335334862
996,0.0351670389053452,0.08828721901281
997,0.0351670389053452,1.109103753664847e-06
998,0.0351670389053452,1.109103753664847e-06
999,0.3041480970525571,0.00034809507534209154
