,eta,zeta,lpost
0,0.001505712175197581,2.7979759279938836,-734.5733297193641
1,0.001505712175197581,2.7979759279938836,-734.5733297193641
2,0.001505712175197581,2.7979759279938836,-734.5733297193641
3,0.001505712175197581,2.7979759279938836,-734.5733297193641
4,0.001505712175197581,2.7979759279938836,-734.5733297193641
5,0.001505712175197581,2.7979759279938836,-734.5733297193641
6,0.001505712175197581,2.7979759279938836,-734.5733297193641
7,0.001505712175197581,2.7979759279938836,-734.5733297193641
8,0.001505712175197581,2.7979759279938836,-734.5733297193641
9,0.001505712175197581,2.7979759279938836,-734.5733297193641
10,0.001505712175197581,2.7979759279938836,-734.5733297193641
11,0.001505712175197581,2.7979759279938836,-734.5733297193641
12,0.2492439465762855,2.6883915715543303,-737.4195684650892
13,0.12661734303552782,2.835984172828359,-722.0107790846066
14,0.1211353729383051,2.759122695073593,-716.7111892036917
15,0.1211353729383051,2.759122695073593,-716.7111892036917
16,0.1211353729383051,2.759122695073593,-716.7111892036917
17,0.06328424475730948,2.515696954691257,-712.9064848115315
18,0.06328424475730948,2.515696954691257,-712.9064848115315
19,0.06328424475730948,2.515696954691257,-712.9064848115315
20,0.06328424475730948,2.515696954691257,-712.9064848115315
21,0.06328424475730948,2.515696954691257,-712.9064848115315
22,0.06328424475730948,2.515696954691257,-712.9064848115315
23,0.06328424475730948,2.515696954691257,-712.9064848115315
24,0.06328424475730948,2.515696954691257,-712.9064848115315
25,0.05873248553666477,2.2724171688536097,-710.8607135705771
26,0.05873248553666477,2.2724171688536097,-710.8607135705771
27,0.041623239697413626,2.270697939159075,-708.4014350417267
28,0.041623239697413626,2.270697939159075,-708.4014350417267
29,0.003661163618643583,2.4102538417365658,-709.4958757601289
30,0.003661163618643583,2.4102538417365658,-709.4958757601289
31,0.003661163618643583,2.4102538417365658,-709.4958757601289
32,0.003661163618643583,2.4102538417365658,-709.4958757601289
33,0.003661163618643583,2.4102538417365658,-709.4958757601289
34,0.003661163618643583,2.4102538417365658,-709.4958757601289
35,0.06618281655261726,2.359833116080146,-711.9989074760753
36,0.06618281655261726,2.359833116080146,-711.9989074760753
37,0.06618281655261726,2.359833116080146,-711.9989074760753
38,0.11152311671883287,2.634641334906423,-712.6715846121676
39,0.11152311671883287,2.634641334906423,-712.6715846121676
40,0.11152311671883287,2.634641334906423,-712.6715846121676
41,0.11152311671883287,2.634641334906423,-712.6715846121676
42,0.11152311671883287,2.634641334906423,-712.6715846121676
43,0.11152311671883287,2.634641334906423,-712.6715846121676
44,0.11152311671883287,2.634641334906423,-712.6715846121676
45,0.11152311671883287,2.634641334906423,-712.6715846121676
46,0.07400434254859302,2.4996003210446913,-705.7787259847926
47,0.07400434254859302,2.4996003210446913,-705.7787259847926
48,0.07400434254859302,2.4996003210446913,-705.7787259847926
49,0.07400434254859302,2.4996003210446913,-705.7787259847926
50,0.08344988949390376,2.6415651423154185,-700.5798272645013
51,0.08344988949390376,2.6415651423154185,-700.5798272645013
52,0.08344988949390376,2.6415651423154185,-700.5798272645013
53,0.08344988949390376,2.6415651423154185,-700.5798272645013
54,0.08344988949390376,2.6415651423154185,-700.5798272645013
55,0.08344988949390376,2.6415651423154185,-700.5798272645013
56,0.04493677620961794,2.74355485571754,-699.3744136506764
57,0.04493677620961794,2.74355485571754,-699.3744136506764
58,0.04339480691515039,2.914671257707857,-698.3702672944604
59,0.04339480691515039,2.914671257707857,-698.3702672944604
60,0.04339480691515039,2.914671257707857,-698.3702672944604
61,0.04339480691515039,2.914671257707857,-698.3702672944604
62,0.04339480691515039,2.914671257707857,-698.3702672944604
63,0.04339480691515039,2.914671257707857,-698.3702672944604
64,0.0753478932165901,2.2193740537553257,-696.2758807467915
65,0.0753478932165901,2.2193740537553257,-696.2758807467915
66,0.0753478932165901,2.2193740537553257,-696.2758807467915
67,0.0753478932165901,2.2193740537553257,-696.2758807467915
68,0.0753478932165901,2.2193740537553257,-696.2758807467915
69,0.0753478932165901,2.2193740537553257,-696.2758807467915
70,0.0753478932165901,2.2193740537553257,-696.2758807467915
71,0.06252651899302684,1.9032027167922163,-694.2195654890013
72,0.06252651899302684,1.9032027167922163,-694.2195654890013
73,0.06252651899302684,1.9032027167922163,-694.2195654890013
74,0.06252651899302684,1.9032027167922163,-694.2195654890013
75,0.06252651899302684,1.9032027167922163,-694.2195654890013
76,0.06252651899302684,1.9032027167922163,-694.2195654890013
77,0.06252651899302684,1.9032027167922163,-694.2195654890013
78,0.06252651899302684,1.9032027167922163,-694.2195654890013
79,0.06252651899302684,1.9032027167922163,-694.2195654890013
80,0.06252651899302684,1.9032027167922163,-694.2195654890013
81,0.06252651899302684,1.9032027167922163,-694.2195654890013
82,0.06252651899302684,1.9032027167922163,-694.2195654890013
83,0.06252651899302684,1.9032027167922163,-694.2195654890013
84,0.06252651899302684,1.9032027167922163,-694.2195654890013
85,0.06252651899302684,1.9032027167922163,-694.2195654890013
86,0.06252651899302684,1.9032027167922163,-694.2195654890013
87,0.06252651899302684,1.9032027167922163,-694.2195654890013
88,0.06252651899302684,1.9032027167922163,-694.2195654890013
89,0.06252651899302684,1.9032027167922163,-694.2195654890013
90,0.06252651899302684,1.9032027167922163,-694.2195654890013
91,0.06252651899302684,1.9032027167922163,-694.2195654890013
92,0.06252651899302684,1.9032027167922163,-694.2195654890013
93,0.06252651899302684,1.9032027167922163,-694.2195654890013
94,0.06252651899302684,1.9032027167922163,-694.2195654890013
95,0.06252651899302684,1.9032027167922163,-694.2195654890013
96,0.06252651899302684,1.9032027167922163,-694.2195654890013
97,0.06252651899302684,1.9032027167922163,-694.2195654890013
98,0.06252651899302684,1.9032027167922163,-694.2195654890013
99,0.06252651899302684,1.9032027167922163,-694.2195654890013
100,0.06252651899302684,1.9032027167922163,-694.2195654890013
101,0.06252651899302684,1.9032027167922163,-694.2195654890013
102,0.06252651899302684,1.9032027167922163,-694.2195654890013
103,0.06252651899302684,1.9032027167922163,-694.2195654890013
104,0.06252651899302684,1.9032027167922163,-694.2195654890013
105,0.06252651899302684,1.9032027167922163,-694.2195654890013
106,0.06252651899302684,1.9032027167922163,-694.2195654890013
107,0.06252651899302684,1.9032027167922163,-694.2195654890013
108,0.06252651899302684,1.9032027167922163,-694.2195654890013
109,0.06252651899302684,1.9032027167922163,-694.2195654890013
110,0.06252651899302684,1.9032027167922163,-694.2195654890013
111,0.06252651899302684,1.9032027167922163,-694.2195654890013
112,0.06252651899302684,1.9032027167922163,-694.2195654890013
113,0.06252651899302684,1.9032027167922163,-694.2195654890013
114,0.06252651899302684,1.9032027167922163,-694.2195654890013
115,0.06252651899302684,1.9032027167922163,-694.2195654890013
116,0.06252651899302684,1.9032027167922163,-694.2195654890013
117,0.06252651899302684,1.9032027167922163,-694.2195654890013
118,0.06252651899302684,1.9032027167922163,-694.2195654890013
119,0.06252651899302684,1.9032027167922163,-694.2195654890013
120,0.06252651899302684,1.9032027167922163,-694.2195654890013
121,0.06252651899302684,1.9032027167922163,-694.2195654890013
122,0.06252651899302684,1.9032027167922163,-694.2195654890013
123,0.06252651899302684,1.9032027167922163,-694.2195654890013
124,0.06252651899302684,1.9032027167922163,-694.2195654890013
125,0.06252651899302684,1.9032027167922163,-694.2195654890013
126,0.06252651899302684,1.9032027167922163,-694.2195654890013
127,0.06252651899302684,1.9032027167922163,-694.2195654890013
128,0.06252651899302684,1.9032027167922163,-694.2195654890013
129,0.06252651899302684,1.9032027167922163,-694.2195654890013
130,0.06252651899302684,1.9032027167922163,-694.2195654890013
131,0.06252651899302684,1.9032027167922163,-694.2195654890013
132,0.06252651899302684,1.9032027167922163,-694.2195654890013
133,0.06252651899302684,1.9032027167922163,-694.2195654890013
134,0.06252651899302684,1.9032027167922163,-694.2195654890013
135,0.06252651899302684,1.9032027167922163,-694.2195654890013
136,0.06252651899302684,1.9032027167922163,-694.2195654890013
137,0.06252651899302684,1.9032027167922163,-694.2195654890013
138,0.06252651899302684,1.9032027167922163,-694.2195654890013
139,0.06252651899302684,1.9032027167922163,-694.2195654890013
140,0.06252651899302684,1.9032027167922163,-694.2195654890013
141,0.06252651899302684,1.9032027167922163,-694.2195654890013
142,0.06252651899302684,1.9032027167922163,-694.2195654890013
143,0.06252651899302684,1.9032027167922163,-694.2195654890013
144,0.06252651899302684,1.9032027167922163,-694.2195654890013
145,0.06252651899302684,1.9032027167922163,-694.2195654890013
146,0.06252651899302684,1.9032027167922163,-694.2195654890013
147,0.06252651899302684,1.9032027167922163,-694.2195654890013
148,0.06252651899302684,1.9032027167922163,-694.2195654890013
149,0.06252651899302684,1.9032027167922163,-694.2195654890013
150,0.06252651899302684,1.9032027167922163,-694.2195654890013
151,0.06252651899302684,1.9032027167922163,-694.2195654890013
152,0.06252651899302684,1.9032027167922163,-694.2195654890013
153,0.06603211911463089,1.9129397584040715,-693.1253325851756
154,0.06603211911463089,1.9129397584040715,-693.1253325851756
155,0.06603211911463089,1.9129397584040715,-693.1253325851756
156,0.06603211911463089,1.9129397584040715,-693.1253325851756
157,0.06603211911463089,1.9129397584040715,-693.1253325851756
158,0.06603211911463089,1.9129397584040715,-693.1253325851756
159,0.06603211911463089,1.9129397584040715,-693.1253325851756
160,0.06603211911463089,1.9129397584040715,-693.1253325851756
161,0.06603211911463089,1.9129397584040715,-693.1253325851756
162,0.06603211911463089,1.9129397584040715,-693.1253325851756
163,0.06603211911463089,1.9129397584040715,-693.1253325851756
164,0.06603211911463089,1.9129397584040715,-693.1253325851756
165,0.06603211911463089,1.9129397584040715,-693.1253325851756
166,0.06603211911463089,1.9129397584040715,-693.1253325851756
167,0.06603211911463089,1.9129397584040715,-693.1253325851756
168,0.06603211911463089,1.9129397584040715,-693.1253325851756
169,0.06603211911463089,1.9129397584040715,-693.1253325851756
170,0.06603211911463089,1.9129397584040715,-693.1253325851756
171,0.06603211911463089,1.9129397584040715,-693.1253325851756
172,0.06603211911463089,1.9129397584040715,-693.1253325851756
173,0.06603211911463089,1.9129397584040715,-693.1253325851756
174,0.06603211911463089,1.9129397584040715,-693.1253325851756
175,0.06603211911463089,1.9129397584040715,-693.1253325851756
176,0.06603211911463089,1.9129397584040715,-693.1253325851756
177,0.06603211911463089,1.9129397584040715,-693.1253325851756
178,0.06603211911463089,1.9129397584040715,-693.1253325851756
179,0.06603211911463089,1.9129397584040715,-693.1253325851756
180,0.06603211911463089,1.9129397584040715,-693.1253325851756
181,0.06603211911463089,1.9129397584040715,-693.1253325851756
182,0.06603211911463089,1.9129397584040715,-693.1253325851756
183,0.06603211911463089,1.9129397584040715,-693.1253325851756
184,0.06603211911463089,1.9129397584040715,-693.1253325851756
185,0.06603211911463089,1.9129397584040715,-693.1253325851756
186,0.06486515048329078,1.9005913357456672,-693.4939593632198
187,0.06486515048329078,1.9005913357456672,-693.4939593632198
188,0.06486515048329078,1.9005913357456672,-693.4939593632198
189,0.06486515048329078,1.9005913357456672,-693.4939593632198
190,0.06486515048329078,1.9005913357456672,-693.4939593632198
191,0.06486515048329078,1.9005913357456672,-693.4939593632198
192,0.06486515048329078,1.9005913357456672,-693.4939593632198
193,0.06486515048329078,1.9005913357456672,-693.4939593632198
194,0.06486515048329078,1.9005913357456672,-693.4939593632198
195,0.06486515048329078,1.9005913357456672,-693.4939593632198
196,0.06486515048329078,1.9005913357456672,-693.4939593632198
197,0.06486515048329078,1.9005913357456672,-693.4939593632198
198,0.06486515048329078,1.9005913357456672,-693.4939593632198
199,0.06486515048329078,1.9005913357456672,-693.4939593632198
200,0.06486515048329078,1.9005913357456672,-693.4939593632198
201,0.06486515048329078,1.9005913357456672,-693.4939593632198
202,0.06486515048329078,1.9005913357456672,-693.4939593632198
203,0.06486515048329078,1.9005913357456672,-693.4939593632198
204,0.06486515048329078,1.9005913357456672,-693.4939593632198
205,0.06486515048329078,1.9005913357456672,-693.4939593632198
206,0.06486515048329078,1.9005913357456672,-693.4939593632198
207,0.06486515048329078,1.9005913357456672,-693.4939593632198
208,0.06486515048329078,1.9005913357456672,-693.4939593632198
209,0.06486515048329078,1.9005913357456672,-693.4939593632198
210,0.06486515048329078,1.9005913357456672,-693.4939593632198
211,0.06486515048329078,1.9005913357456672,-693.4939593632198
212,0.06486515048329078,1.9005913357456672,-693.4939593632198
213,0.06486515048329078,1.9005913357456672,-693.4939593632198
214,0.06486515048329078,1.9005913357456672,-693.4939593632198
215,0.06486515048329078,1.9005913357456672,-693.4939593632198
216,0.06486515048329078,1.9005913357456672,-693.4939593632198
217,0.06486515048329078,1.9005913357456672,-693.4939593632198
218,0.06486515048329078,1.9005913357456672,-693.4939593632198
219,0.06486515048329078,1.9005913357456672,-693.4939593632198
220,0.06486515048329078,1.9005913357456672,-693.4939593632198
221,0.06486515048329078,1.9005913357456672,-693.4939593632198
222,0.06486515048329078,1.9005913357456672,-693.4939593632198
223,0.06486515048329078,1.9005913357456672,-693.4939593632198
224,0.06486515048329078,1.9005913357456672,-693.4939593632198
225,0.06486515048329078,1.9005913357456672,-693.4939593632198
226,0.06486515048329078,1.9005913357456672,-693.4939593632198
227,0.06486515048329078,1.9005913357456672,-693.4939593632198
228,0.06486515048329078,1.9005913357456672,-693.4939593632198
229,0.06486515048329078,1.9005913357456672,-693.4939593632198
230,0.06486515048329078,1.9005913357456672,-693.4939593632198
231,0.06486515048329078,1.9005913357456672,-693.4939593632198
232,0.06486515048329078,1.9005913357456672,-693.4939593632198
233,0.06486515048329078,1.9005913357456672,-693.4939593632198
234,0.06486515048329078,1.9005913357456672,-693.4939593632198
235,0.06486515048329078,1.9005913357456672,-693.4939593632198
236,0.06486515048329078,1.9005913357456672,-693.4939593632198
237,0.06486515048329078,1.9005913357456672,-693.4939593632198
238,0.06486515048329078,1.9005913357456672,-693.4939593632198
239,0.06486515048329078,1.9005913357456672,-693.4939593632198
240,0.06486515048329078,1.9005913357456672,-693.4939593632198
241,0.06486515048329078,1.9005913357456672,-693.4939593632198
242,0.06486515048329078,1.9005913357456672,-693.4939593632198
243,0.06486515048329078,1.9005913357456672,-693.4939593632198
244,0.06486515048329078,1.9005913357456672,-693.4939593632198
245,0.06486515048329078,1.9005913357456672,-693.4939593632198
246,0.06486515048329078,1.9005913357456672,-693.4939593632198
247,0.06486515048329078,1.9005913357456672,-693.4939593632198
248,0.06486515048329078,1.9005913357456672,-693.4939593632198
249,0.06486515048329078,1.9005913357456672,-693.4939593632198
250,0.06486515048329078,1.9005913357456672,-693.4939593632198
251,0.06486515048329078,1.9005913357456672,-693.4939593632198
252,0.06486515048329078,1.9005913357456672,-693.4939593632198
253,0.06486515048329078,1.9005913357456672,-693.4939593632198
254,0.06486515048329078,1.9005913357456672,-693.4939593632198
255,0.06486515048329078,1.9005913357456672,-693.4939593632198
256,0.06486515048329078,1.9005913357456672,-693.4939593632198
257,0.06486515048329078,1.9005913357456672,-693.4939593632198
258,0.06486515048329078,1.9005913357456672,-693.4939593632198
259,0.06486515048329078,1.9005913357456672,-693.4939593632198
260,0.06486515048329078,1.9005913357456672,-693.4939593632198
261,0.06486515048329078,1.9005913357456672,-693.4939593632198
262,0.06486515048329078,1.9005913357456672,-693.4939593632198
263,0.06486515048329078,1.9005913357456672,-693.4939593632198
264,0.06486515048329078,1.9005913357456672,-693.4939593632198
265,0.06486515048329078,1.9005913357456672,-693.4939593632198
266,0.06486515048329078,1.9005913357456672,-693.4939593632198
267,0.06486515048329078,1.9005913357456672,-693.4939593632198
268,0.06486515048329078,1.9005913357456672,-693.4939593632198
269,0.06486515048329078,1.9005913357456672,-693.4939593632198
270,0.06486515048329078,1.9005913357456672,-693.4939593632198
271,0.06486515048329078,1.9005913357456672,-693.4939593632198
272,0.06486515048329078,1.9005913357456672,-693.4939593632198
273,0.06486515048329078,1.9005913357456672,-693.4939593632198
274,0.06486515048329078,1.9005913357456672,-693.4939593632198
275,0.06486515048329078,1.9005913357456672,-693.4939593632198
276,0.06486515048329078,1.9005913357456672,-693.4939593632198
277,0.06486515048329078,1.9005913357456672,-693.4939593632198
278,0.06486515048329078,1.9005913357456672,-693.4939593632198
279,0.06559827728465721,1.9141440659090878,-694.2588360331406
280,0.06559827728465721,1.9141440659090878,-694.2588360331406
281,0.06559827728465721,1.9141440659090878,-694.2588360331406
282,0.06559827728465721,1.9141440659090878,-694.2588360331406
283,0.06559827728465721,1.9141440659090878,-694.2588360331406
284,0.06559827728465721,1.9141440659090878,-694.2588360331406
285,0.06559827728465721,1.9141440659090878,-694.2588360331406
286,0.06559827728465721,1.9141440659090878,-694.2588360331406
287,0.06559827728465721,1.9141440659090878,-694.2588360331406
288,0.06559827728465721,1.9141440659090878,-694.2588360331406
289,0.06559827728465721,1.9141440659090878,-694.2588360331406
290,0.06559827728465721,1.9141440659090878,-694.2588360331406
291,0.06559827728465721,1.9141440659090878,-694.2588360331406
292,0.06559827728465721,1.9141440659090878,-694.2588360331406
293,0.06559827728465721,1.9141440659090878,-694.2588360331406
294,0.06559827728465721,1.9141440659090878,-694.2588360331406
295,0.06559827728465721,1.9141440659090878,-694.2588360331406
296,0.06559827728465721,1.9141440659090878,-694.2588360331406
297,0.06559827728465721,1.9141440659090878,-694.2588360331406
298,0.06559827728465721,1.9141440659090878,-694.2588360331406
299,0.06559827728465721,1.9141440659090878,-694.2588360331406
300,0.06559827728465721,1.9141440659090878,-694.2588360331406
301,0.06559827728465721,1.9141440659090878,-694.2588360331406
302,0.06559827728465721,1.9141440659090878,-694.2588360331406
303,0.06559827728465721,1.9141440659090878,-694.2588360331406
304,0.06559827728465721,1.9141440659090878,-694.2588360331406
305,0.06559827728465721,1.9141440659090878,-694.2588360331406
306,0.06559827728465721,1.9141440659090878,-694.2588360331406
307,0.06559827728465721,1.9141440659090878,-694.2588360331406
308,0.06559827728465721,1.9141440659090878,-694.2588360331406
309,0.06559827728465721,1.9141440659090878,-694.2588360331406
310,0.06559827728465721,1.9141440659090878,-694.2588360331406
311,0.06559827728465721,1.9141440659090878,-694.2588360331406
312,0.06594240141345499,1.913494529487653,-691.5468000835527
313,0.06594240141345499,1.913494529487653,-691.5468000835527
314,0.06594240141345499,1.913494529487653,-691.5468000835527
315,0.06594240141345499,1.913494529487653,-691.5468000835527
316,0.06594240141345499,1.913494529487653,-691.5468000835527
317,0.06594240141345499,1.913494529487653,-691.5468000835527
318,0.06594240141345499,1.913494529487653,-691.5468000835527
319,0.06594240141345499,1.913494529487653,-691.5468000835527
320,0.06594240141345499,1.913494529487653,-691.5468000835527
321,0.06594240141345499,1.913494529487653,-691.5468000835527
322,0.06594240141345499,1.913494529487653,-691.5468000835527
323,0.06594240141345499,1.913494529487653,-691.5468000835527
324,0.06594240141345499,1.913494529487653,-691.5468000835527
325,0.06594240141345499,1.913494529487653,-691.5468000835527
326,0.06594240141345499,1.913494529487653,-691.5468000835527
327,0.06594240141345499,1.913494529487653,-691.5468000835527
328,0.06594240141345499,1.913494529487653,-691.5468000835527
329,0.06594240141345499,1.913494529487653,-691.5468000835527
330,0.06594240141345499,1.913494529487653,-691.5468000835527
331,0.06594240141345499,1.913494529487653,-691.5468000835527
332,0.06594240141345499,1.913494529487653,-691.5468000835527
333,0.06594240141345499,1.913494529487653,-691.5468000835527
334,0.06594240141345499,1.913494529487653,-691.5468000835527
335,0.06594240141345499,1.913494529487653,-691.5468000835527
336,0.06594240141345499,1.913494529487653,-691.5468000835527
337,0.06594240141345499,1.913494529487653,-691.5468000835527
338,0.06594240141345499,1.913494529487653,-691.5468000835527
339,0.06594240141345499,1.913494529487653,-691.5468000835527
340,0.06594240141345499,1.913494529487653,-691.5468000835527
341,0.06594240141345499,1.913494529487653,-691.5468000835527
342,0.06594240141345499,1.913494529487653,-691.5468000835527
343,0.06594240141345499,1.913494529487653,-691.5468000835527
344,0.06594240141345499,1.913494529487653,-691.5468000835527
345,0.06594240141345499,1.913494529487653,-691.5468000835527
346,0.06594240141345499,1.913494529487653,-691.5468000835527
347,0.06594240141345499,1.913494529487653,-691.5468000835527
348,0.06594240141345499,1.913494529487653,-691.5468000835527
349,0.06594240141345499,1.913494529487653,-691.5468000835527
350,0.06594240141345499,1.913494529487653,-691.5468000835527
351,0.06594240141345499,1.913494529487653,-691.5468000835527
352,0.06594240141345499,1.913494529487653,-691.5468000835527
353,0.06594240141345499,1.913494529487653,-691.5468000835527
354,0.06594240141345499,1.913494529487653,-691.5468000835527
355,0.06594240141345499,1.913494529487653,-691.5468000835527
356,0.06594240141345499,1.913494529487653,-691.5468000835527
357,0.06594240141345499,1.913494529487653,-691.5468000835527
358,0.06594240141345499,1.913494529487653,-691.5468000835527
359,0.06594240141345499,1.913494529487653,-691.5468000835527
360,0.06594240141345499,1.913494529487653,-691.5468000835527
361,0.06594240141345499,1.913494529487653,-691.5468000835527
362,0.06594240141345499,1.913494529487653,-691.5468000835527
363,0.06594240141345499,1.913494529487653,-691.5468000835527
364,0.06594240141345499,1.913494529487653,-691.5468000835527
365,0.06594240141345499,1.913494529487653,-691.5468000835527
366,0.06594240141345499,1.913494529487653,-691.5468000835527
367,0.06594240141345499,1.913494529487653,-691.5468000835527
368,0.06594240141345499,1.913494529487653,-691.5468000835527
369,0.06594240141345499,1.913494529487653,-691.5468000835527
370,0.06594240141345499,1.913494529487653,-691.5468000835527
371,0.06594240141345499,1.913494529487653,-691.5468000835527
372,0.06594240141345499,1.913494529487653,-691.5468000835527
373,0.06594240141345499,1.913494529487653,-691.5468000835527
374,0.06594240141345499,1.913494529487653,-691.5468000835527
375,0.06594240141345499,1.913494529487653,-691.5468000835527
376,0.06594240141345499,1.913494529487653,-691.5468000835527
377,0.06594240141345499,1.913494529487653,-691.5468000835527
378,0.06594240141345499,1.913494529487653,-691.5468000835527
379,0.06594240141345499,1.913494529487653,-691.5468000835527
380,0.06585410373627766,1.913211195273471,-691.4856596648239
381,0.06585410373627766,1.913211195273471,-691.4856596648239
382,0.06585410373627766,1.913211195273471,-691.4856596648239
383,0.06585410373627766,1.913211195273471,-691.4856596648239
384,0.06585410373627766,1.913211195273471,-691.4856596648239
385,0.06585410373627766,1.913211195273471,-691.4856596648239
386,0.06585410373627766,1.913211195273471,-691.4856596648239
387,0.06585410373627766,1.913211195273471,-691.4856596648239
388,0.06585410373627766,1.913211195273471,-691.4856596648239
389,0.06585410373627766,1.913211195273471,-691.4856596648239
390,0.06585410373627766,1.913211195273471,-691.4856596648239
391,0.06585410373627766,1.913211195273471,-691.4856596648239
392,0.06585410373627766,1.913211195273471,-691.4856596648239
393,0.06585410373627766,1.913211195273471,-691.4856596648239
394,0.06585410373627766,1.913211195273471,-691.4856596648239
395,0.06585410373627766,1.913211195273471,-691.4856596648239
396,0.06585410373627766,1.913211195273471,-691.4856596648239
397,0.06585410373627766,1.913211195273471,-691.4856596648239
398,0.06585410373627766,1.913211195273471,-691.4856596648239
399,0.06585410373627766,1.913211195273471,-691.4856596648239
400,0.06585410373627766,1.913211195273471,-691.4856596648239
401,0.06585410373627766,1.913211195273471,-691.4856596648239
402,0.06585410373627766,1.913211195273471,-691.4856596648239
403,0.06585410373627766,1.913211195273471,-691.4856596648239
404,0.06585410373627766,1.913211195273471,-691.4856596648239
405,0.06585410373627766,1.913211195273471,-691.4856596648239
406,0.06585410373627766,1.913211195273471,-691.4856596648239
407,0.06585410373627766,1.913211195273471,-691.4856596648239
408,0.06585410373627766,1.913211195273471,-691.4856596648239
409,0.06585410373627766,1.913211195273471,-691.4856596648239
410,0.06585410373627766,1.913211195273471,-691.4856596648239
411,0.06585410373627766,1.913211195273471,-691.4856596648239
412,0.06585410373627766,1.913211195273471,-691.4856596648239
413,0.06585410373627766,1.913211195273471,-691.4856596648239
414,0.06585410373627766,1.913211195273471,-691.4856596648239
415,0.06585410373627766,1.913211195273471,-691.4856596648239
416,0.06585410373627766,1.913211195273471,-691.4856596648239
417,0.06585410373627766,1.913211195273471,-691.4856596648239
418,0.06585410373627766,1.913211195273471,-691.4856596648239
419,0.06585410373627766,1.913211195273471,-691.4856596648239
420,0.06585410373627766,1.913211195273471,-691.4856596648239
421,0.06585410373627766,1.913211195273471,-691.4856596648239
422,0.06585410373627766,1.913211195273471,-691.4856596648239
423,0.06585410373627766,1.913211195273471,-691.4856596648239
424,0.06585410373627766,1.913211195273471,-691.4856596648239
425,0.06585410373627766,1.913211195273471,-691.4856596648239
426,0.06585410373627766,1.913211195273471,-691.4856596648239
427,0.06585410373627766,1.913211195273471,-691.4856596648239
428,0.06585410373627766,1.913211195273471,-691.4856596648239
429,0.06585410373627766,1.913211195273471,-691.4856596648239
430,0.06585410373627766,1.913211195273471,-691.4856596648239
431,0.06585410373627766,1.913211195273471,-691.4856596648239
432,0.06585410373627766,1.913211195273471,-691.4856596648239
433,0.06585410373627766,1.913211195273471,-691.4856596648239
434,0.06585410373627766,1.913211195273471,-691.4856596648239
435,0.06585410373627766,1.913211195273471,-691.4856596648239
436,0.06585410373627766,1.913211195273471,-691.4856596648239
437,0.06585410373627766,1.913211195273471,-691.4856596648239
438,0.06585410373627766,1.913211195273471,-691.4856596648239
439,0.06585410373627766,1.913211195273471,-691.4856596648239
440,0.06585410373627766,1.913211195273471,-691.4856596648239
441,0.06585410373627766,1.913211195273471,-691.4856596648239
442,0.06585410373627766,1.913211195273471,-691.4856596648239
443,0.06585410373627766,1.913211195273471,-691.4856596648239
444,0.06585410373627766,1.913211195273471,-691.4856596648239
445,0.06585410373627766,1.913211195273471,-691.4856596648239
446,0.06585410373627766,1.913211195273471,-691.4856596648239
447,0.06585410373627766,1.913211195273471,-691.4856596648239
448,0.06585410373627766,1.913211195273471,-691.4856596648239
449,0.06585410373627766,1.913211195273471,-691.4856596648239
450,0.06585410373627766,1.913211195273471,-691.4856596648239
451,0.06585410373627766,1.913211195273471,-691.4856596648239
452,0.06585410373627766,1.913211195273471,-691.4856596648239
453,0.06585410373627766,1.913211195273471,-691.4856596648239
454,0.06585410373627766,1.913211195273471,-691.4856596648239
455,0.06585410373627766,1.913211195273471,-691.4856596648239
456,0.06585410373627766,1.913211195273471,-691.4856596648239
457,0.06585410373627766,1.913211195273471,-691.4856596648239
458,0.06585410373627766,1.913211195273471,-691.4856596648239
459,0.06585410373627766,1.913211195273471,-691.4856596648239
460,0.06585410373627766,1.913211195273471,-691.4856596648239
461,0.06585410373627766,1.913211195273471,-691.4856596648239
462,0.06585410373627766,1.913211195273471,-691.4856596648239
463,0.06585410373627766,1.913211195273471,-691.4856596648239
464,0.06585410373627766,1.913211195273471,-691.4856596648239
465,0.06585410373627766,1.913211195273471,-691.4856596648239
466,0.06585410373627766,1.913211195273471,-691.4856596648239
467,0.06585410373627766,1.913211195273471,-691.4856596648239
468,0.06585410373627766,1.913211195273471,-691.4856596648239
469,0.06585410373627766,1.913211195273471,-691.4856596648239
470,0.06585410373627766,1.913211195273471,-691.4856596648239
471,0.06585410373627766,1.913211195273471,-691.4856596648239
472,0.06585410373627766,1.913211195273471,-691.4856596648239
473,0.06585410373627766,1.913211195273471,-691.4856596648239
474,0.06585410373627766,1.913211195273471,-691.4856596648239
475,0.06585410373627766,1.913211195273471,-691.4856596648239
476,0.06585410373627766,1.913211195273471,-691.4856596648239
477,0.06585410373627766,1.913211195273471,-691.4856596648239
478,0.06585410373627766,1.913211195273471,-691.4856596648239
479,0.06585410373627766,1.913211195273471,-691.4856596648239
480,0.06585410373627766,1.913211195273471,-691.4856596648239
481,0.06585410373627766,1.913211195273471,-691.4856596648239
482,0.06585410373627766,1.913211195273471,-691.4856596648239
483,0.06585410373627766,1.913211195273471,-691.4856596648239
484,0.06585410373627766,1.913211195273471,-691.4856596648239
485,0.06585410373627766,1.913211195273471,-691.4856596648239
486,0.06577171688106605,1.912353342762652,-690.3147088342519
487,0.06577171688106605,1.912353342762652,-690.3147088342519
488,0.06577171688106605,1.912353342762652,-690.3147088342519
489,0.06577171688106605,1.912353342762652,-690.3147088342519
490,0.06577171688106605,1.912353342762652,-690.3147088342519
491,0.06577171688106605,1.912353342762652,-690.3147088342519
492,0.06577171688106605,1.912353342762652,-690.3147088342519
493,0.06577171688106605,1.912353342762652,-690.3147088342519
494,0.06577171688106605,1.912353342762652,-690.3147088342519
495,0.06577171688106605,1.912353342762652,-690.3147088342519
496,0.06577171688106605,1.912353342762652,-690.3147088342519
497,0.06577171688106605,1.912353342762652,-690.3147088342519
498,0.06577171688106605,1.912353342762652,-690.3147088342519
499,0.06577171688106605,1.912353342762652,-690.3147088342519
500,0.06577171688106605,1.912353342762652,-690.3147088342519
501,0.06577171688106605,1.912353342762652,-690.3147088342519
502,0.06577171688106605,1.912353342762652,-690.3147088342519
503,0.06577171688106605,1.912353342762652,-690.3147088342519
504,0.06577171688106605,1.912353342762652,-690.3147088342519
505,0.06577171688106605,1.912353342762652,-690.3147088342519
506,0.06577171688106605,1.912353342762652,-690.3147088342519
507,0.06577171688106605,1.912353342762652,-690.3147088342519
508,0.06577171688106605,1.912353342762652,-690.3147088342519
509,0.06577171688106605,1.912353342762652,-690.3147088342519
510,0.06577171688106605,1.912353342762652,-690.3147088342519
511,0.06577171688106605,1.912353342762652,-690.3147088342519
512,0.06577171688106605,1.912353342762652,-690.3147088342519
513,0.06577171688106605,1.912353342762652,-690.3147088342519
514,0.06577171688106605,1.912353342762652,-690.3147088342519
515,0.06577171688106605,1.912353342762652,-690.3147088342519
516,0.06577171688106605,1.912353342762652,-690.3147088342519
517,0.06577171688106605,1.912353342762652,-690.3147088342519
518,0.06577171688106605,1.912353342762652,-690.3147088342519
519,0.06577171688106605,1.912353342762652,-690.3147088342519
520,0.06577171688106605,1.912353342762652,-690.3147088342519
521,0.06577171688106605,1.912353342762652,-690.3147088342519
522,0.06577171688106605,1.912353342762652,-690.3147088342519
523,0.06577171688106605,1.912353342762652,-690.3147088342519
524,0.06577171688106605,1.912353342762652,-690.3147088342519
525,0.06577171688106605,1.912353342762652,-690.3147088342519
526,0.06577171688106605,1.912353342762652,-690.3147088342519
527,0.06577171688106605,1.912353342762652,-690.3147088342519
528,0.06577171688106605,1.912353342762652,-690.3147088342519
529,0.06577171688106605,1.912353342762652,-690.3147088342519
530,0.06577171688106605,1.912353342762652,-690.3147088342519
531,0.06577171688106605,1.912353342762652,-690.3147088342519
532,0.06577171688106605,1.912353342762652,-690.3147088342519
533,0.06577171688106605,1.912353342762652,-690.3147088342519
534,0.06577171688106605,1.912353342762652,-690.3147088342519
535,0.06577171688106605,1.912353342762652,-690.3147088342519
536,0.06577171688106605,1.912353342762652,-690.3147088342519
537,0.06577171688106605,1.912353342762652,-690.3147088342519
538,0.06577171688106605,1.912353342762652,-690.3147088342519
539,0.06577171688106605,1.912353342762652,-690.3147088342519
540,0.06577171688106605,1.912353342762652,-690.3147088342519
541,0.06577171688106605,1.912353342762652,-690.3147088342519
542,0.06577171688106605,1.912353342762652,-690.3147088342519
543,0.06577171688106605,1.912353342762652,-690.3147088342519
544,0.06577171688106605,1.912353342762652,-690.3147088342519
545,0.06577171688106605,1.912353342762652,-690.3147088342519
546,0.06577171688106605,1.912353342762652,-690.3147088342519
547,0.06577171688106605,1.912353342762652,-690.3147088342519
548,0.06577171688106605,1.912353342762652,-690.3147088342519
549,0.06577171688106605,1.912353342762652,-690.3147088342519
550,0.06577171688106605,1.912353342762652,-690.3147088342519
551,0.06577171688106605,1.912353342762652,-690.3147088342519
552,0.06577171688106605,1.912353342762652,-690.3147088342519
553,0.06577171688106605,1.912353342762652,-690.3147088342519
554,0.06577171688106605,1.912353342762652,-690.3147088342519
555,0.06577171688106605,1.912353342762652,-690.3147088342519
556,0.06577171688106605,1.912353342762652,-690.3147088342519
557,0.06577171688106605,1.912353342762652,-690.3147088342519
558,0.06577171688106605,1.912353342762652,-690.3147088342519
559,0.06577171688106605,1.912353342762652,-690.3147088342519
560,0.06577171688106605,1.912353342762652,-690.3147088342519
561,0.06577171688106605,1.912353342762652,-690.3147088342519
562,0.06577171688106605,1.912353342762652,-690.3147088342519
563,0.06577171688106605,1.912353342762652,-690.3147088342519
564,0.06577171688106605,1.912353342762652,-690.3147088342519
565,0.06577171688106605,1.912353342762652,-690.3147088342519
566,0.06577171688106605,1.912353342762652,-690.3147088342519
567,0.06577171688106605,1.912353342762652,-690.3147088342519
568,0.06577171688106605,1.912353342762652,-690.3147088342519
569,0.06577171688106605,1.912353342762652,-690.3147088342519
570,0.06577171688106605,1.912353342762652,-690.3147088342519
571,0.06577171688106605,1.912353342762652,-690.3147088342519
572,0.06577171688106605,1.912353342762652,-690.3147088342519
573,0.06577171688106605,1.912353342762652,-690.3147088342519
574,0.06577171688106605,1.912353342762652,-690.3147088342519
575,0.06577171688106605,1.912353342762652,-690.3147088342519
576,0.06577171688106605,1.912353342762652,-690.3147088342519
577,0.06577171688106605,1.912353342762652,-690.3147088342519
578,0.06577171688106605,1.912353342762652,-690.3147088342519
579,0.06577171688106605,1.912353342762652,-690.3147088342519
580,0.06577171688106605,1.912353342762652,-690.3147088342519
581,0.06577171688106605,1.912353342762652,-690.3147088342519
582,0.06577171688106605,1.912353342762652,-690.3147088342519
583,0.06577171688106605,1.912353342762652,-690.3147088342519
584,0.06577171688106605,1.912353342762652,-690.3147088342519
585,0.06577171688106605,1.912353342762652,-690.3147088342519
586,0.06577171688106605,1.912353342762652,-690.3147088342519
587,0.06577171688106605,1.912353342762652,-690.3147088342519
588,0.06577171688106605,1.912353342762652,-690.3147088342519
589,0.06577171688106605,1.912353342762652,-690.3147088342519
590,0.06577171688106605,1.912353342762652,-690.3147088342519
591,0.06577171688106605,1.912353342762652,-690.3147088342519
592,0.06577171688106605,1.912353342762652,-690.3147088342519
593,0.06577171688106605,1.912353342762652,-690.3147088342519
594,0.06577171688106605,1.912353342762652,-690.3147088342519
595,0.06577171688106605,1.912353342762652,-690.3147088342519
596,0.06577171688106605,1.912353342762652,-690.3147088342519
597,0.06577171688106605,1.912353342762652,-690.3147088342519
598,0.06577171688106605,1.912353342762652,-690.3147088342519
599,0.06577171688106605,1.912353342762652,-690.3147088342519
600,0.06577171688106605,1.912353342762652,-690.3147088342519
601,0.06577171688106605,1.912353342762652,-690.3147088342519
602,0.06577171688106605,1.912353342762652,-690.3147088342519
603,0.06577171688106605,1.912353342762652,-690.3147088342519
604,0.06577171688106605,1.912353342762652,-690.3147088342519
605,0.06577171688106605,1.912353342762652,-690.3147088342519
606,0.06577171688106605,1.912353342762652,-690.3147088342519
607,0.06577171688106605,1.912353342762652,-690.3147088342519
608,0.06577171688106605,1.912353342762652,-690.3147088342519
609,0.06577171688106605,1.912353342762652,-690.3147088342519
610,0.06577171688106605,1.912353342762652,-690.3147088342519
611,0.06577171688106605,1.912353342762652,-690.3147088342519
612,0.06577171688106605,1.912353342762652,-690.3147088342519
613,0.06577171688106605,1.912353342762652,-690.3147088342519
614,0.06577171688106605,1.912353342762652,-690.3147088342519
615,0.06577171688106605,1.912353342762652,-690.3147088342519
616,0.06577171688106605,1.912353342762652,-690.3147088342519
617,0.06577171688106605,1.912353342762652,-690.3147088342519
618,0.06577171688106605,1.912353342762652,-690.3147088342519
619,0.06577171688106605,1.912353342762652,-690.3147088342519
620,0.06577171688106605,1.912353342762652,-690.3147088342519
621,0.06577171688106605,1.912353342762652,-690.3147088342519
622,0.06577171688106605,1.912353342762652,-690.3147088342519
623,0.06577171688106605,1.912353342762652,-690.3147088342519
624,0.06577171688106605,1.912353342762652,-690.3147088342519
625,0.06577171688106605,1.912353342762652,-690.3147088342519
626,0.06577171688106605,1.912353342762652,-690.3147088342519
627,0.06577171688106605,1.912353342762652,-690.3147088342519
628,0.06577171688106605,1.912353342762652,-690.3147088342519
629,0.06577171688106605,1.912353342762652,-690.3147088342519
630,0.06577171688106605,1.912353342762652,-690.3147088342519
631,0.06577171688106605,1.912353342762652,-690.3147088342519
632,0.06577171688106605,1.912353342762652,-690.3147088342519
633,0.06577171688106605,1.912353342762652,-690.3147088342519
634,0.06577171688106605,1.912353342762652,-690.3147088342519
635,0.06577171688106605,1.912353342762652,-690.3147088342519
636,0.06577171688106605,1.912353342762652,-690.3147088342519
637,0.06577171688106605,1.912353342762652,-690.3147088342519
638,0.06577171688106605,1.912353342762652,-690.3147088342519
639,0.06577171688106605,1.912353342762652,-690.3147088342519
640,0.06577171688106605,1.912353342762652,-690.3147088342519
641,0.06577171688106605,1.912353342762652,-690.3147088342519
642,0.06577171688106605,1.912353342762652,-690.3147088342519
643,0.06577171688106605,1.912353342762652,-690.3147088342519
644,0.06577171688106605,1.912353342762652,-690.3147088342519
645,0.06577171688106605,1.912353342762652,-690.3147088342519
646,0.06577171688106605,1.912353342762652,-690.3147088342519
647,0.06577171688106605,1.912353342762652,-690.3147088342519
648,0.06577171688106605,1.912353342762652,-690.3147088342519
649,0.06577171688106605,1.912353342762652,-690.3147088342519
650,0.06577171688106605,1.912353342762652,-690.3147088342519
651,0.06577171688106605,1.912353342762652,-690.3147088342519
652,0.06577171688106605,1.912353342762652,-690.3147088342519
653,0.06577171688106605,1.912353342762652,-690.3147088342519
654,0.06577171688106605,1.912353342762652,-690.3147088342519
655,0.06577171688106605,1.912353342762652,-690.3147088342519
656,0.06577171688106605,1.912353342762652,-690.3147088342519
657,0.06577171688106605,1.912353342762652,-690.3147088342519
658,0.06577171688106605,1.912353342762652,-690.3147088342519
659,0.06577171688106605,1.912353342762652,-690.3147088342519
660,0.06577171688106605,1.912353342762652,-690.3147088342519
661,0.06577171688106605,1.912353342762652,-690.3147088342519
662,0.06577171688106605,1.912353342762652,-690.3147088342519
663,0.06577171688106605,1.912353342762652,-690.3147088342519
664,0.06577171688106605,1.912353342762652,-690.3147088342519
665,0.06577171688106605,1.912353342762652,-690.3147088342519
666,0.06577171688106605,1.912353342762652,-690.3147088342519
667,0.06577171688106605,1.912353342762652,-690.3147088342519
668,0.06577171688106605,1.912353342762652,-690.3147088342519
669,0.06577171688106605,1.912353342762652,-690.3147088342519
670,0.06577171688106605,1.912353342762652,-690.3147088342519
671,0.06577171688106605,1.912353342762652,-690.3147088342519
672,0.06577171688106605,1.912353342762652,-690.3147088342519
673,0.06577171688106605,1.912353342762652,-690.3147088342519
674,0.06577171688106605,1.912353342762652,-690.3147088342519
675,0.06577171688106605,1.912353342762652,-690.3147088342519
676,0.06577171688106605,1.912353342762652,-690.3147088342519
677,0.06577171688106605,1.912353342762652,-690.3147088342519
678,0.06577171688106605,1.912353342762652,-690.3147088342519
679,0.06577171688106605,1.912353342762652,-690.3147088342519
680,0.06577171688106605,1.912353342762652,-690.3147088342519
681,0.06577171688106605,1.912353342762652,-690.3147088342519
682,0.06577171688106605,1.912353342762652,-690.3147088342519
683,0.06577171688106605,1.912353342762652,-690.3147088342519
684,0.06577171688106605,1.912353342762652,-690.3147088342519
685,0.06577171688106605,1.912353342762652,-690.3147088342519
686,0.06577171688106605,1.912353342762652,-690.3147088342519
687,0.06577171688106605,1.912353342762652,-690.3147088342519
688,0.06577171688106605,1.912353342762652,-690.3147088342519
689,0.06577171688106605,1.912353342762652,-690.3147088342519
690,0.06577171688106605,1.912353342762652,-690.3147088342519
691,0.06577171688106605,1.912353342762652,-690.3147088342519
692,0.06577171688106605,1.912353342762652,-690.3147088342519
693,0.06577171688106605,1.912353342762652,-690.3147088342519
694,0.06577171688106605,1.912353342762652,-690.3147088342519
695,0.06577171688106605,1.912353342762652,-690.3147088342519
696,0.06577171688106605,1.912353342762652,-690.3147088342519
697,0.06577171688106605,1.912353342762652,-690.3147088342519
698,0.06577171688106605,1.912353342762652,-690.3147088342519
699,0.06577171688106605,1.912353342762652,-690.3147088342519
700,0.06577171688106605,1.912353342762652,-690.3147088342519
701,0.06577171688106605,1.912353342762652,-690.3147088342519
702,0.06577171688106605,1.912353342762652,-690.3147088342519
703,0.06577171688106605,1.912353342762652,-690.3147088342519
704,0.06577171688106605,1.912353342762652,-690.3147088342519
705,0.06577171688106605,1.912353342762652,-690.3147088342519
706,0.06577171688106605,1.912353342762652,-690.3147088342519
707,0.06577171688106605,1.912353342762652,-690.3147088342519
708,0.06577171688106605,1.912353342762652,-690.3147088342519
709,0.06577171688106605,1.912353342762652,-690.3147088342519
710,0.06577171688106605,1.912353342762652,-690.3147088342519
711,0.06577171688106605,1.912353342762652,-690.3147088342519
712,0.06577171688106605,1.912353342762652,-690.3147088342519
713,0.06577171688106605,1.912353342762652,-690.3147088342519
714,0.06577171688106605,1.912353342762652,-690.3147088342519
715,0.06577171688106605,1.912353342762652,-690.3147088342519
716,0.06577171688106605,1.912353342762652,-690.3147088342519
717,0.06577171688106605,1.912353342762652,-690.3147088342519
718,0.06577171688106605,1.912353342762652,-690.3147088342519
719,0.06577171688106605,1.912353342762652,-690.3147088342519
720,0.06577171688106605,1.912353342762652,-690.3147088342519
721,0.06577171688106605,1.912353342762652,-690.3147088342519
722,0.06577171688106605,1.912353342762652,-690.3147088342519
723,0.06577171688106605,1.912353342762652,-690.3147088342519
724,0.06577171688106605,1.912353342762652,-690.3147088342519
725,0.06577171688106605,1.912353342762652,-690.3147088342519
726,0.06577171688106605,1.912353342762652,-690.3147088342519
727,0.06577171688106605,1.912353342762652,-690.3147088342519
728,0.06577171688106605,1.912353342762652,-690.3147088342519
729,0.06577171688106605,1.912353342762652,-690.3147088342519
730,0.06577171688106605,1.912353342762652,-690.3147088342519
731,0.06577171688106605,1.912353342762652,-690.3147088342519
732,0.06577171688106605,1.912353342762652,-690.3147088342519
733,0.06577171688106605,1.912353342762652,-690.3147088342519
734,0.06577171688106605,1.912353342762652,-690.3147088342519
735,0.06577171688106605,1.912353342762652,-690.3147088342519
736,0.06577171688106605,1.912353342762652,-690.3147088342519
737,0.06577171688106605,1.912353342762652,-690.3147088342519
738,0.06577171688106605,1.912353342762652,-690.3147088342519
739,0.06577171688106605,1.912353342762652,-690.3147088342519
740,0.06577171688106605,1.912353342762652,-690.3147088342519
741,0.06577171688106605,1.912353342762652,-690.3147088342519
742,0.06577171688106605,1.912353342762652,-690.3147088342519
743,0.06577171688106605,1.912353342762652,-690.3147088342519
744,0.06577171688106605,1.912353342762652,-690.3147088342519
745,0.06577171688106605,1.912353342762652,-690.3147088342519
746,0.06577171688106605,1.912353342762652,-690.3147088342519
747,0.06577171688106605,1.912353342762652,-690.3147088342519
748,0.06577171688106605,1.912353342762652,-690.3147088342519
749,0.06577171688106605,1.912353342762652,-690.3147088342519
750,0.06577171688106605,1.912353342762652,-690.3147088342519
751,0.06577171688106605,1.912353342762652,-690.3147088342519
752,0.06577171688106605,1.912353342762652,-690.3147088342519
753,0.06577171688106605,1.912353342762652,-690.3147088342519
754,0.06577171688106605,1.912353342762652,-690.3147088342519
755,0.06577171688106605,1.912353342762652,-690.3147088342519
756,0.06577171688106605,1.912353342762652,-690.3147088342519
757,0.06577171688106605,1.912353342762652,-690.3147088342519
758,0.06577171688106605,1.912353342762652,-690.3147088342519
759,0.06577171688106605,1.912353342762652,-690.3147088342519
760,0.06577171688106605,1.912353342762652,-690.3147088342519
761,0.06577171688106605,1.912353342762652,-690.3147088342519
762,0.06577171688106605,1.912353342762652,-690.3147088342519
763,0.06577171688106605,1.912353342762652,-690.3147088342519
764,0.06577171688106605,1.912353342762652,-690.3147088342519
765,0.06577171688106605,1.912353342762652,-690.3147088342519
766,0.06577171688106605,1.912353342762652,-690.3147088342519
767,0.06577171688106605,1.912353342762652,-690.3147088342519
768,0.06577171688106605,1.912353342762652,-690.3147088342519
769,0.0657802940858661,1.9124663921416551,-692.0300378121617
770,0.0657802940858661,1.9124663921416551,-692.0300378121617
771,0.0657802940858661,1.9124663921416551,-692.0300378121617
772,0.0657802940858661,1.9124663921416551,-692.0300378121617
773,0.0657802940858661,1.9124663921416551,-692.0300378121617
774,0.0657802940858661,1.9124663921416551,-692.0300378121617
775,0.0657802940858661,1.9124663921416551,-692.0300378121617
776,0.0657802940858661,1.9124663921416551,-692.0300378121617
777,0.0657802940858661,1.9124663921416551,-692.0300378121617
778,0.0657802940858661,1.9124663921416551,-692.0300378121617
779,0.0657802940858661,1.9124663921416551,-692.0300378121617
780,0.0657802940858661,1.9124663921416551,-692.0300378121617
781,0.0657802940858661,1.9124663921416551,-692.0300378121617
782,0.0657802940858661,1.9124663921416551,-692.0300378121617
783,0.0657802940858661,1.9124663921416551,-692.0300378121617
784,0.0657802940858661,1.9124663921416551,-692.0300378121617
785,0.0657802940858661,1.9124663921416551,-692.0300378121617
786,0.0657802940858661,1.9124663921416551,-692.0300378121617
787,0.0657802940858661,1.9124663921416551,-692.0300378121617
788,0.0657802940858661,1.9124663921416551,-692.0300378121617
789,0.0657802940858661,1.9124663921416551,-692.0300378121617
790,0.0657802940858661,1.9124663921416551,-692.0300378121617
791,0.0657802940858661,1.9124663921416551,-692.0300378121617
792,0.0657802940858661,1.9124663921416551,-692.0300378121617
793,0.0657802940858661,1.9124663921416551,-692.0300378121617
794,0.0657802940858661,1.9124663921416551,-692.0300378121617
795,0.0657802940858661,1.9124663921416551,-692.0300378121617
796,0.0657802940858661,1.9124663921416551,-692.0300378121617
797,0.0657802940858661,1.9124663921416551,-692.0300378121617
798,0.0657802940858661,1.9124663921416551,-692.0300378121617
799,0.0657802940858661,1.9124663921416551,-692.0300378121617
800,0.0657802940858661,1.9124663921416551,-692.0300378121617
801,0.0657802940858661,1.9124663921416551,-692.0300378121617
802,0.0657802940858661,1.9124663921416551,-692.0300378121617
803,0.0657802940858661,1.9124663921416551,-692.0300378121617
804,0.0657802940858661,1.9124663921416551,-692.0300378121617
805,0.0657802940858661,1.9124663921416551,-692.0300378121617
806,0.0657802940858661,1.9124663921416551,-692.0300378121617
807,0.0657802940858661,1.9124663921416551,-692.0300378121617
808,0.0657802940858661,1.9124663921416551,-692.0300378121617
809,0.0657802940858661,1.9124663921416551,-692.0300378121617
810,0.0657802940858661,1.9124663921416551,-692.0300378121617
811,0.0657802940858661,1.9124663921416551,-692.0300378121617
812,0.0657802940858661,1.9124663921416551,-692.0300378121617
813,0.0657802940858661,1.9124663921416551,-692.0300378121617
814,0.0657802940858661,1.9124663921416551,-692.0300378121617
815,0.0657802940858661,1.9124663921416551,-692.0300378121617
816,0.0657802940858661,1.9124663921416551,-692.0300378121617
817,0.06577144579206805,1.9123572022215956,-691.7622743791526
818,0.06577144579206805,1.9123572022215956,-691.7622743791526
819,0.06577144579206805,1.9123572022215956,-691.7622743791526
820,0.06577144579206805,1.9123572022215956,-691.7622743791526
821,0.06577144579206805,1.9123572022215956,-691.7622743791526
822,0.06577144579206805,1.9123572022215956,-691.7622743791526
823,0.06577144579206805,1.9123572022215956,-691.7622743791526
824,0.06577144579206805,1.9123572022215956,-691.7622743791526
825,0.06577144579206805,1.9123572022215956,-691.7622743791526
826,0.06577144579206805,1.9123572022215956,-691.7622743791526
827,0.06577144579206805,1.9123572022215956,-691.7622743791526
828,0.06577144579206805,1.9123572022215956,-691.7622743791526
829,0.06577144579206805,1.9123572022215956,-691.7622743791526
830,0.06577144579206805,1.9123572022215956,-691.7622743791526
831,0.06577144579206805,1.9123572022215956,-691.7622743791526
832,0.06577144579206805,1.9123572022215956,-691.7622743791526
833,0.06577144579206805,1.9123572022215956,-691.7622743791526
834,0.06577144579206805,1.9123572022215956,-691.7622743791526
835,0.06577144579206805,1.9123572022215956,-691.7622743791526
836,0.06577144579206805,1.9123572022215956,-691.7622743791526
837,0.06577144579206805,1.9123572022215956,-691.7622743791526
838,0.06577144579206805,1.9123572022215956,-691.7622743791526
839,0.06577144579206805,1.9123572022215956,-691.7622743791526
840,0.06577144579206805,1.9123572022215956,-691.7622743791526
841,0.06577144579206805,1.9123572022215956,-691.7622743791526
842,0.06577144579206805,1.9123572022215956,-691.7622743791526
843,0.06577144579206805,1.9123572022215956,-691.7622743791526
844,0.06577144579206805,1.9123572022215956,-691.7622743791526
845,0.06577144579206805,1.9123572022215956,-691.7622743791526
846,0.06577144579206805,1.9123572022215956,-691.7622743791526
847,0.06577144579206805,1.9123572022215956,-691.7622743791526
848,0.06577144579206805,1.9123572022215956,-691.7622743791526
849,0.06577144579206805,1.9123572022215956,-691.7622743791526
850,0.06577144579206805,1.9123572022215956,-691.7622743791526
851,0.06577144579206805,1.9123572022215956,-691.7622743791526
852,0.06577144579206805,1.9123572022215956,-691.7622743791526
853,0.06577144579206805,1.9123572022215956,-691.7622743791526
854,0.06577144579206805,1.9123572022215956,-691.7622743791526
855,0.06577144579206805,1.9123572022215956,-691.7622743791526
856,0.06577144579206805,1.9123572022215956,-691.7622743791526
857,0.06577144579206805,1.9123572022215956,-691.7622743791526
858,0.06577144579206805,1.9123572022215956,-691.7622743791526
859,0.06577144579206805,1.9123572022215956,-691.7622743791526
860,0.06577144579206805,1.9123572022215956,-691.7622743791526
861,0.06577144579206805,1.9123572022215956,-691.7622743791526
862,0.06577144579206805,1.9123572022215956,-691.7622743791526
863,0.06577144579206805,1.9123572022215956,-691.7622743791526
864,0.06577144579206805,1.9123572022215956,-691.7622743791526
865,0.06577144579206805,1.9123572022215956,-691.7622743791526
866,0.06577144579206805,1.9123572022215956,-691.7622743791526
867,0.06577144579206805,1.9123572022215956,-691.7622743791526
868,0.06577144579206805,1.9123572022215956,-691.7622743791526
869,0.06577144579206805,1.9123572022215956,-691.7622743791526
870,0.06577144579206805,1.9123572022215956,-691.7622743791526
871,0.06577144579206805,1.9123572022215956,-691.7622743791526
872,0.06577144579206805,1.9123572022215956,-691.7622743791526
873,0.06577144579206805,1.9123572022215956,-691.7622743791526
874,0.06577144579206805,1.9123572022215956,-691.7622743791526
875,0.06577144579206805,1.9123572022215956,-691.7622743791526
876,0.06577144579206805,1.9123572022215956,-691.7622743791526
877,0.06577144579206805,1.9123572022215956,-691.7622743791526
878,0.06577144579206805,1.9123572022215956,-691.7622743791526
879,0.06577144579206805,1.9123572022215956,-691.7622743791526
880,0.06577144579206805,1.9123572022215956,-691.7622743791526
881,0.06577144579206805,1.9123572022215956,-691.7622743791526
882,0.06577144579206805,1.9123572022215956,-691.7622743791526
883,0.06577144579206805,1.9123572022215956,-691.7622743791526
884,0.06577144579206805,1.9123572022215956,-691.7622743791526
885,0.06577144579206805,1.9123572022215956,-691.7622743791526
886,0.06577144579206805,1.9123572022215956,-691.7622743791526
887,0.06577144579206805,1.9123572022215956,-691.7622743791526
888,0.06577144579206805,1.9123572022215956,-691.7622743791526
889,0.06577144579206805,1.9123572022215956,-691.7622743791526
890,0.06577144579206805,1.9123572022215956,-691.7622743791526
891,0.06577144579206805,1.9123572022215956,-691.7622743791526
892,0.06577144579206805,1.9123572022215956,-691.7622743791526
893,0.06577144579206805,1.9123572022215956,-691.7622743791526
894,0.06577144579206805,1.9123572022215956,-691.7622743791526
895,0.06577144579206805,1.9123572022215956,-691.7622743791526
896,0.06577144579206805,1.9123572022215956,-691.7622743791526
897,0.06577144579206805,1.9123572022215956,-691.7622743791526
898,0.06577144579206805,1.9123572022215956,-691.7622743791526
899,0.06577144579206805,1.9123572022215956,-691.7622743791526
900,0.06577144579206805,1.9123572022215956,-691.7622743791526
901,0.06577144579206805,1.9123572022215956,-691.7622743791526
902,0.06577144579206805,1.9123572022215956,-691.7622743791526
903,0.06577144579206805,1.9123572022215956,-691.7622743791526
904,0.06577144579206805,1.9123572022215956,-691.7622743791526
905,0.06577144579206805,1.9123572022215956,-691.7622743791526
906,0.06577144579206805,1.9123572022215956,-691.7622743791526
907,0.06577144579206805,1.9123572022215956,-691.7622743791526
908,0.06577144579206805,1.9123572022215956,-691.7622743791526
909,0.06577144579206805,1.9123572022215956,-691.7622743791526
910,0.06577144579206805,1.9123572022215956,-691.7622743791526
911,0.06577144579206805,1.9123572022215956,-691.7622743791526
912,0.06577144579206805,1.9123572022215956,-691.7622743791526
913,0.06577144579206805,1.9123572022215956,-691.7622743791526
914,0.06577144579206805,1.9123572022215956,-691.7622743791526
915,0.06577144579206805,1.9123572022215956,-691.7622743791526
916,0.06577144579206805,1.9123572022215956,-691.7622743791526
917,0.06577144579206805,1.9123572022215956,-691.7622743791526
918,0.06577144579206805,1.9123572022215956,-691.7622743791526
919,0.06577144579206805,1.9123572022215956,-691.7622743791526
920,0.06577144579206805,1.9123572022215956,-691.7622743791526
921,0.06577144579206805,1.9123572022215956,-691.7622743791526
922,0.06577144579206805,1.9123572022215956,-691.7622743791526
923,0.06577144579206805,1.9123572022215956,-691.7622743791526
924,0.06577144579206805,1.9123572022215956,-691.7622743791526
925,0.06577144579206805,1.9123572022215956,-691.7622743791526
926,0.06577144579206805,1.9123572022215956,-691.7622743791526
927,0.06577144579206805,1.9123572022215956,-691.7622743791526
928,0.06577144579206805,1.9123572022215956,-691.7622743791526
929,0.06577144579206805,1.9123572022215956,-691.7622743791526
930,0.06577144579206805,1.9123572022215956,-691.7622743791526
931,0.06577144579206805,1.9123572022215956,-691.7622743791526
932,0.06577144579206805,1.9123572022215956,-691.7622743791526
933,0.06577144579206805,1.9123572022215956,-691.7622743791526
934,0.06577144579206805,1.9123572022215956,-691.7622743791526
935,0.06577144579206805,1.9123572022215956,-691.7622743791526
936,0.06577144579206805,1.9123572022215956,-691.7622743791526
937,0.06577144579206805,1.9123572022215956,-691.7622743791526
938,0.06577144579206805,1.9123572022215956,-691.7622743791526
939,0.06577144579206805,1.9123572022215956,-691.7622743791526
940,0.06577144579206805,1.9123572022215956,-691.7622743791526
941,0.06577144579206805,1.9123572022215956,-691.7622743791526
942,0.06577144579206805,1.9123572022215956,-691.7622743791526
943,0.06577144579206805,1.9123572022215956,-691.7622743791526
944,0.06577144579206805,1.9123572022215956,-691.7622743791526
945,0.06577144579206805,1.9123572022215956,-691.7622743791526
946,0.06577144579206805,1.9123572022215956,-691.7622743791526
947,0.06577144579206805,1.9123572022215956,-691.7622743791526
948,0.06577144579206805,1.9123572022215956,-691.7622743791526
949,0.06577144579206805,1.9123572022215956,-691.7622743791526
950,0.06577144579206805,1.9123572022215956,-691.7622743791526
951,0.06577144579206805,1.9123572022215956,-691.7622743791526
952,0.06577144579206805,1.9123572022215956,-691.7622743791526
953,0.06577144579206805,1.9123572022215956,-691.7622743791526
954,0.06577144579206805,1.9123572022215956,-691.7622743791526
955,0.06577144579206805,1.9123572022215956,-691.7622743791526
956,0.06577144579206805,1.9123572022215956,-691.7622743791526
957,0.06577144579206805,1.9123572022215956,-691.7622743791526
958,0.06577144579206805,1.9123572022215956,-691.7622743791526
959,0.06577144579206805,1.9123572022215956,-691.7622743791526
960,0.06577144579206805,1.9123572022215956,-691.7622743791526
961,0.06577144579206805,1.9123572022215956,-691.7622743791526
962,0.06577144579206805,1.9123572022215956,-691.7622743791526
963,0.06577144579206805,1.9123572022215956,-691.7622743791526
964,0.06577144579206805,1.9123572022215956,-691.7622743791526
965,0.06577144579206805,1.9123572022215956,-691.7622743791526
966,0.06577144579206805,1.9123572022215956,-691.7622743791526
967,0.06577144579206805,1.9123572022215956,-691.7622743791526
968,0.06577144579206805,1.9123572022215956,-691.7622743791526
969,0.06577144579206805,1.9123572022215956,-691.7622743791526
970,0.06577144579206805,1.9123572022215956,-691.7622743791526
971,0.06577144579206805,1.9123572022215956,-691.7622743791526
972,0.06577144579206805,1.9123572022215956,-691.7622743791526
973,0.06577144579206805,1.9123572022215956,-691.7622743791526
974,0.06577144579206805,1.9123572022215956,-691.7622743791526
975,0.06577144579206805,1.9123572022215956,-691.7622743791526
976,0.06577144579206805,1.9123572022215956,-691.7622743791526
977,0.06577144579206805,1.9123572022215956,-691.7622743791526
978,0.06577144579206805,1.9123572022215956,-691.7622743791526
979,0.06577144579206805,1.9123572022215956,-691.7622743791526
980,0.06577144579206805,1.9123572022215956,-691.7622743791526
981,0.06577144579206805,1.9123572022215956,-691.7622743791526
982,0.06577144579206805,1.9123572022215956,-691.7622743791526
983,0.06577144579206805,1.9123572022215956,-691.7622743791526
984,0.06577144579206805,1.9123572022215956,-691.7622743791526
985,0.06577144579206805,1.9123572022215956,-691.7622743791526
986,0.06577144579206805,1.9123572022215956,-691.7622743791526
987,0.06577144579206805,1.9123572022215956,-691.7622743791526
988,0.06577144579206805,1.9123572022215956,-691.7622743791526
989,0.06577144579206805,1.9123572022215956,-691.7622743791526
990,0.06577144579206805,1.9123572022215956,-691.7622743791526
991,0.06577144579206805,1.9123572022215956,-691.7622743791526
992,0.06577144579206805,1.9123572022215956,-691.7622743791526
993,0.06577144579206805,1.9123572022215956,-691.7622743791526
994,0.06577144579206805,1.9123572022215956,-691.7622743791526
995,0.06577144579206805,1.9123572022215956,-691.7622743791526
996,0.06577144579206805,1.9123572022215956,-691.7622743791526
997,0.06577144579206805,1.9123572022215956,-691.7622743791526
998,0.06577144579206805,1.9123572022215956,-691.7622743791526
999,0.06577144579206805,1.9123572022215956,-691.7622743791526
